name,ft_active,ft_seq,ft_vert,ft_seq_index,ft_vert_index,ft_order,pt_active,pt_seq,pt_vert,pt_seq_index,pt_vert_index,pt_order,tag,file
Code of Conduct during the bootcamp,TRUE,Tips & tricks for success,Info tabs,0,0,0,TRUE,Tips & tricks for success,Info tabs,0,0,0,EXTRA,info/code-of-conduct.md
Link to  the GitHub class organization,TRUE,Tips & tricks for success,Info tabs,0,0,1,TRUE,Tips & tricks for success,Info tabs,0,0,1,EXTRA,info/gh-class-rg.m
Guidelines on how to submit the labs,TRUE,Tips & tricks for success,Info tabs,0,0,2,TRUE,Tips & tricks for success,Info tabs,0,0,2,EXTRA,info/guidelines-labs.md
No class dates,TRUE,Tips & tricks for success,Info tabs,0,0,3,TRUE,Tips & tricks for success,Info tabs,0,0,3,EXTRA,info/no-class-dates.md
Contacts,TRUE,Tips & tricks for success,Info tabs,0,0,4,TRUE,Tips & tricks for success,Info tabs,0,0,4,EXTRA,info/contacts.md
Career Services,TRUE,Tips & tricks for success,Info tabs,0,0,5,TRUE,Tips & tricks for success,Info tabs,0,0,5,EXTRA,info/career.md
Technical interview prep,TRUE,Tips & tricks for success,Info tabs,0,0,6,TRUE,Tips & tricks for success,Info tabs,0,0,6,EXTRA,other/tech-interviews.md
Upcoming events,TRUE,Tips & tricks for success,Info tabs,0,0,7,TRUE,Tips & tricks for success,Info tabs,0,0,7,EXTRA,info/events.md
Time distribution,TRUE,Tips & tricks for success,Module 1,0,1,0,FALSE,,,,,,EXTRA,info/ft-time-dist-m1.md
Time distribution,FALSE,,,,,,TRUE,Tips & tricks for success,Module 1,0,1,0,EXTRA,info/pt-time-dist-m1.md
Module 1 - topics - overview,TRUE,Tips & tricks for success,Module 1,0,1,1,TRUE,Tips & tricks for success,Module 1,0,1,1,EXTRA,info/topics-m1.md
Expectations,TRUE,Tips & tricks for success,Module 1,0,1,2,TRUE,Tips & tricks for success,Module 1,0,1,2,EXTRA,info/expectations.md
Requirements for win-win,TRUE,Tips & tricks for success,Module 1,0,1,3,TRUE,Tips & tricks for success,Module 1,0,1,3,EXTRA,info/requirements-m1.md
Time distribution,TRUE,Tips & tricks for success,Module 2,0,2,0,FALSE,,,,,,EXTRA,info/ft-time-dist-m2.md
Time distribution,FALSE,,,,,,TRUE,Tips & tricks for success,Module 2,0,2,0,EXTRA,info/pt-time-dist-m2.md
Module 2 - topics - overview,TRUE,Tips & tricks for success,Module 2,0,2,1,TRUE,Tips & tricks for success,Module 2,0,2,1,EXTRA,info/topics-m2.md
Expectations,TRUE,Tips & tricks for success,Module 2,0,2,2,TRUE,Tips & tricks for success,Module 2,0,2,2,EXTRA,info/expectations.md
Requirements for win-win,TRUE,Tips & tricks for success,Module 2,0,2,3,TRUE,Tips & tricks for success,Module 2,0,2,3,EXTRA,info/requirements-m2.md
Time distribution,TRUE,Tips & tricks for success,Module 3,0,3,0,FALSE,,,,,,EXTRA,info/ft-time-dist-m3.md
Time distribution,FALSE,,,,,,TRUE,Tips & tricks for success,Module 3,0,3,0,EXTRA,info/pt-time-dist-m3.md
Module 3 - topics - overview,TRUE,Tips & tricks for success,Module 3,0,3,1,TRUE,Tips & tricks for success,Module 3,0,3,1,EXTRA,info/topics-m3.md
Expectations,TRUE,Tips & tricks for success,Module 3,0,3,2,TRUE,Tips & tricks for success,Module 3,0,3,2,EXTRA,info/expectations.md
Requirements for win-win,TRUE,Tips & tricks for success,Module 3,0,3,3,TRUE,Tips & tricks for success,Module 3,0,3,3,EXTRA,info/requirements-m3.md
JS | JavaScript Intro,TRUE,Week 1,Day 1,1,0,0,TRUE,Week 1,Halfday 1,1,0,0,,module-1/week-1/js-intro.md
JS | Data Types in JavaScript - number & string,TRUE,Week 1,Day 1,1,0,1,TRUE,Week 1,Halfday 1,1,0,1,,module-1/week-1/js-datatypes-1.md
"JS | Data Types in JavaScript - boolean, undefined & null and Immutability",TRUE,Week 1,Day 1,1,0,2,TRUE,Week 1,Halfday 2,1,1,0,,module-1/week-1/js-datatypes-2.md
JS | Numbers as Data Types - Advanced Topics,TRUE,Week 1,Day 1,1,0,3,TRUE,Week 1,Halfday 2,1,1,1,SELF_GUIDED,module-1/week-1/numbers-advanced.md
JS | Conditionals and Loops,TRUE,Week 1,Day 1,1,0,4,TRUE,Week 1,Halfday 2,1,1,2,,module-1/week-1/js-conditionals-loops.md
VCS | Git Intro,TRUE,Week 1,Day 1,1,0,5,TRUE,Week 1,Halfday 2,1,1,3,,module-1/week-1/self-guided/git-intro.md
Pair Programming Introduction,TRUE,Week 1,Day 1,1,0,6,TRUE,Week 1,Halfday 2,1,1,4,,module-1/week-1/self-guided/pair-programming.md
LAB | JavaScript Basic Algorithms,TRUE,Week 1,Day 1,1,0,7,TRUE,Week 1,Halfday 2,1,1,5,LAB,module-1/labs/lab-javascript-basic-algorithms.md
JS | Data Types in JavaScript - Arrays,TRUE,Week 1,Day 2,1,1,0,TRUE,Week 1,Halfday 3,1,2,0,,module-1/week-1/js-arrays.md
JS | Functions Intro,TRUE,Week 1,Day 2,1,1,1,TRUE,Week 1,Halfday 3,1,2,1,,module-1/week-1/js-functions-intro.md
LAB | JavaScript Functions and Arrays,TRUE,Week 1,Day 2,1,1,2,TRUE,Week 1,Halfday 3,1,2,2,LAB,module-1/labs/lab-javascript-functions-and-arrays.md
HTML | Introduction,TRUE,Week 1,Day 2,1,1,3,TRUE,Week 1,Halfday 4,1,3,0,,module-1/week-1/html-intro.md
CSS | Intro & Selectors,TRUE,Week 1,Day 2,1,1,4,TRUE,Week 1,Halfday 4,1,3,1,,module-1/week-1/css-intro.md
LAB | CSS Recipes clone,TRUE,Week 1,Day 2,1,1,5,TRUE,Week 1,Halfday 4,1,3,2,LAB,module-1/labs/lab-css-recipes-clone.md
CodeWars - Intro,TRUE,Week 1,Day 2,1,1,6,TRUE,Week 1,Halfday 4,1,3,3,KATA,module-1/week-1/self-guided/codewars.md
JS | Data Types in JavaScript - Objects,TRUE,Week 1,Day 3,1,2,0,TRUE,Week 2,Halfday 1,2,0,0,,module-1/week-1/js-objects.md
JS | Arrays & Objects,TRUE,Week 1,Day 3,1,2,1,TRUE,Week 2,Halfday 1,2,0,1,,module-1/week-1/js-objects-arrays.md
LAB | JavaScript Clue,TRUE,Week 1,Day 3,1,2,2,TRUE,Week 2,Halfday 1,2,0,2,LAB,module-1/labs/lab-javascript-clue.md
CSS | Advanced Selectors,TRUE,Week 1,Day 3,1,2,3,TRUE,Week 2,Halfday 2,2,1,0,,module-1/week-1/css-advanced-selectors.md
CSS | Transitions & Animations,TRUE,Week 1,Day 3,1,2,4,TRUE,Week 2,Halfday 2,2,1,1,,module-1/week-1/css-transitions-animations.md
LAB | CSS Spotify clone,TRUE,Week 1,Day 3,1,2,5,TRUE,Week 2,Halfday 2,2,1,2,LAB,module-1/labs/lab-css-spotify-clone.md
CodeWars,TRUE,Week 1,Day 4,1,3,0,TRUE,Week 2,Halfday 3,2,2,0,KATA,module-1/week-1/self-guided/codewars.md
JS | Functions Advanced,TRUE,Week 1,Day 4,1,3,1,TRUE,Week 2,Halfday 3,2,2,1,,module-1/week-1/js-functions-advanced.md
"JS | Arrays - Map, Reduce & Filter",TRUE,Week 1,Day 4,1,3,2,TRUE,Week 2,Halfday 3,2,2,2,,module-1/week-1/js-arrays-filter-map-reduce.md
JS | Arrays - Sort & Reverse,TRUE,Week 1,Day 4,1,3,3,TRUE,Week 2,Halfday 4,2,3,0,,module-1/week-1/js-arrays-sort-reverse.md
LAB | Greatest movies of all time,TRUE,Week 1,Day 4,1,3,4,TRUE,Week 2,Halfday 4,2,3,1,LAB,module-1/labs/lab-javascript-greatest-movies.md
JS | Value vs Reference and Mutable Data Types,TRUE,Week 1,Day 4,1,3,5,TRUE,Week 2,Halfday 4,2,3,2,SELF_GUIDED,module-1/week-1/value-reference-mutability.md
"JS | OOP - objects, methods and the 'this' keyword",TRUE,Week 1,Day 5,1,4,0,TRUE,Week 3,Halfday 1,3,0,0,,module-1/week-1/js-oop-1.md
JS | OOP - class and inheritance,TRUE,Week 1,Day 5,1,4,1,TRUE,Week 3,Halfday 1,3,0,1,,module-1/week-1/js-oop-2.md
JS | OOP - Function constructor vs. Class,TRUE,Week 1,Day 5,1,4,2,TRUE,Week 3,Halfday 1,3,0,2,SELF_GUIDED,module-1/week-1/js-oop-3.md
LAB | JavaScript Vikings,TRUE,Week 1,Day 5,1,4,3,TRUE,Week 3,Halfday 2,3,1,0,LAB,module-1/labs/lab-javascript-vikings.md
Reinforcement session,TRUE,Week 1,Day 5,1,4,4,TRUE,Week 3,Halfday 2,3,1,1,,module-1/week-1/recap.md
Semi-module retrospective,TRUE,Week 1,Day 5,1,4,5,TRUE,Week 3,Halfday 2,3,1,2,,other/module-retro.md'
CSS | Box Model,TRUE,Week 2,Day 1,2,0,0,TRUE,Week 3,Halfday 3,3,2,0,,module-1/week-1/css-box-model.md
Bonus: CSS | Positioning,TRUE,Week 2,Day 1,2,0,1,TRUE,Week 3,Halfday 3,3,2,1,SELF_GUIDED,module-1/week-1/css-positioning.md
CSS | Responsive Web Design,TRUE,Week 2,Day 1,2,0,2,TRUE,Week 3,Halfday 3,3,2,2,,module-1/week-1/css-responsive-design.md
CSS | Flexbox,TRUE,Week 2,Day 1,2,0,3,TRUE,Week 3,Halfday 3,3,2,3,,module-1/week-1/css-flexbox.md
LAB | CSS Instagram clone,TRUE,Week 2,Day 1,2,0,4,TRUE,Week 3,Halfday 3,3,2,4,LAB,module-1/labs/lab-css-instagram-clone.md
Bonus: LAB | CSS Flexbox Slack,TRUE,Week 2,Day 1,2,0,5,TRUE,Week 3,Halfday 3,3,2,5,SELF_GUIDED,module-1/labs/lab-css-flexbox-slack.md
"JS | Variable scope, hoisting and shadowing",TRUE,Week 2,Day 1,2,0,6,TRUE,Week 3,Halfday 4,3,3,0,,module-1/week-2/js-scope-hoist-shadow.md
"JS | Debugging, Error Handling and JS Hint",TRUE,Week 2,Day 1,2,0,7,TRUE,Week 3,Halfday 4,3,3,1,,module-1/week-2/js-debugging.md
JS | Async & Callbacks,TRUE,Week 2,Day 1,2,0,8,TRUE,Week 3,Halfday 4,3,3,2,,module-1/week-2/js-async-callbacks.md
LAB | JavaScript Chronometer,TRUE,Week 2,Day 1,2,0,9,TRUE,Week 3,Halfday 4,3,3,3,LAB,module-1/labs/lab-javascript-chronometer.md
Bonus: LAB | JavaScript Koans,TRUE,Week 2,Day 1,2,0,10,TRUE,Week 3,Halfday 4,3,3,4,SELF_GUIDED,module-1/labs/lab-javascript-koans.md
Bonus: JS | Context & Function invocation,TRUE,Week 2,Day 1,2,0,11,TRUE,Week 3,Halfday 4,3,3,5,SELF_GUIDED,module-1/week-2/js-context-function-invocation.md
DOM | Introduction & Selectors,TRUE,Week 2,Day 2,2,1,0,TRUE,Week 4,Halfday 1,4,0,0,,module-1/week-1/dom-introduction-selectors.md
DOM | Manipulation,TRUE,Week 2,Day 2,2,1,1,TRUE,Week 4,Halfday 1,4,0,1,,module-1/week-1/dom-manipulation.md
LAB | DOM Ironhack Cart,TRUE,Week 2,Day 2,2,1,2,TRUE,Week 4,Halfday 1,4,0,2,LAB,module-1/labs/lab-dom-ironhack-cart.md
Bonus: DOM | Simon Game,TRUE,Week 2,Day 2,2,1,3,TRUE,Week 4,Halfday 1,4,0,3,SELF_GUIDED,module-1/week-2/simon-game.md
JS | Testing & Jasmine,TRUE,Week 2,Day 2,2,1,4,TRUE,Week 4,Halfday 2,4,1,0,,module-1/week-2/js-testing-jasmine.md
JS | Intro to testing with Jasmine,TRUE,Week 2,Day 2,2,1,5,TRUE,Week 4,Halfday 2,4,1,1,LAB,module-1/labs/lab-testing-jasmine.md
Bonus: LAB | JavaScript Advanced Algorithms,TRUE,Week 2,Day 2,2,1,6,TRUE,Week 4,Halfday 2,4,1,2,SELF_GUIDED,module-1/labs/lab-javascript-advanced-algorithms.md
Lab review - reinforcement of DOM manipulation concept,TRUE,Week 2,Day 3,2,2,0,TRUE,Week 4,Halfday 3,4,2,0,,module-1/week-1/dom-reinforcement.md
CSS | Bootstrap Docs,TRUE,Week 2,Day 3,2,2,1,TRUE,Week 4,Halfday 3,4,2,1,,module-1/week-2/css-bootstrap-intro.md
Bonus: CSS - Style Normalizing & Grid Systems,TRUE,Week 2,Day 3,2,2,2,TRUE,Week 4,Halfday 3,4,2,2,SELF_GUIDED,module-1/week-2/css-grid-systems.md
LAB | Bootstrap Cloning Revera,TRUE,Week 2,Day 3,2,2,3,TRUE,Week 4,Halfday 3,4,2,3,LAB,module-1/labs/lab-bootstrap-cloning-revera.md
Reinforcement - DOM: LAB | DOM Pizza Builder,TRUE,Week 2,Day 3,2,2,4,TRUE,Week 4,Halfday 4,4,3,0,LAB,module-1/labs/lab-dom-pizza-builder.md
Reinforcement - OOP: LAB | JavaScript Memory Game,TRUE,Week 2,Day 3,2,2,5,TRUE,Week 4,Halfday 4,4,3,1,LAB,module-1/labs/lab-javascript-memory-game.md
Canvas | Intro & Basic Drawing,TRUE,Week 2,Day 4,2,3,0,TRUE,Week 5,Halfday 1,5,0,0,,module-1/week-2/canvas-intro.md
"Canvas | Styling, Text and Images",TRUE,Week 2,Day 4,2,3,1,TRUE,Week 5,Halfday 1,5,0,1,,module-1/week-2/canvas-drawing-text-styles.md
LAB | Canvas Hangman,TRUE,Week 2,Day 4,2,3,2,TRUE,Week 5,Halfday 1,5,0,2,LAB,module-1/labs/lab-canvas-hangman.md
Canvas | Basic Animations,TRUE,Week 2,Day 4,2,3,3,TRUE,Week 5,Halfday 2,5,1,0,,module-1/week-2/canvas-basic-animations.md
Canvas | Codealong - Basic Animations,TRUE,Week 2,Day 4,2,3,4,TRUE,Week 5,Halfday 2,5,1,1,,module-1/week-2/canvas-basic-animations-codealong.md
LAB | Canvas Race Car,TRUE,Week 2,Day 4,2,3,5,TRUE,Week 5,Halfday 2,5,1,2,LAB,module-1/labs/lab-canvas-race-car.md
Lab review - reinforcement of Canvas concept,TRUE,Week 2,Day 5,2,4,0,TRUE,Week 5,Halfday 3,5,2,0,,module-1/week-1/canvas-reinforcement.md
Juice your game!,TRUE,Week 2,Day 5,2,4,1,TRUE,Week 5,Halfday 3,5,2,1,EXTRA,module-1/week-2/juice-your-game.md
Project planning session,TRUE,Week 2,Day 5,2,4,2,TRUE,Week 5,Halfday 3,5,2,2,RITUALS,other/project-planning.md
Bonus: Project Management,TRUE,Week 2,Day 5,2,4,3,TRUE,Week 5,Halfday 3,5,2,3,,module-1/week-2/self-guided/agile-kanban.md
VCS | Git and GitHub + GitHub Pages,TRUE,Week 2,Day 5,2,4,4,TRUE,Week 5,Halfday 3,5,2,4,,module-1/week-2/git-github-pages-deploy.md
Project #1 Guidelines: The Game,TRUE,Week 2,Day 5,2,4,5,TRUE,Week 5,Halfday 3,5,2,5,PROJECT,module-1/project-1.md
Bonus: Canvas | Transformations and Compositing,TRUE,Week 2,Day 5,2,4,6,TRUE,Week 5,Halfday 4,5,3,0,SELF_GUIDED,module-1/week-2/canvas-transformations-compositing.md
Bonus: Canvas | Advanced Animations,TRUE,Week 2,Day 5,2,4,7,TRUE,Week 5,Halfday 4,5,3,1,SELF_GUIDED,module-1/week-2/canvas-advanced-animations.md
Bonus: LAB | Canvas Flappy Birds,TRUE,Week 2,Day 5,2,4,8,TRUE,Week 5,Halfday 4,5,3,2,LAB,module-1/labs/lab-canvas-flappybirds.md
Stand ups,TRUE,Week 3,Day 1,3,0,0,TRUE,Week 6,Halfday 1,6,0,0,PROJECT,other/stand-ups.md
Code interview test: Anagrams,TRUE,Week 3,Day 1,3,0,1,TRUE,Week 6,Halfday 1,6,0,1,,module-1/week-3/kata-anagrams.md
Bonus: Structure your code,TRUE,Week 3,Day 1,3,0,2,TRUE,Week 6,Halfday 2,6,1,0,SELF_GUIDED,module-1/week-2/self-guided/js-good-patterns.md
Project development,TRUE,Week 3,Day 1,3,0,3,TRUE,Week 6,Halfday 2,6,1,1,PROJECT,other/project-dev.md
Stand ups,TRUE,Week 3,Day 2,3,1,0,TRUE,Week 6,Halfday 3,6,2,0,PROJECT,other/stand-ups.md
Code interview test: Clocky Mc Clock-Face,TRUE,Week 3,Day 2,3,1,1,TRUE,Week 6,Halfday 3,6,2,1,,module-1/week-3/kata-clocky-mc-clock-face.md
Bonus: Markdown and READMEs,TRUE,Week 3,Day 2,3,1,2,TRUE,Week 6,Halfday 4,6,3,0,SELF_GUIDED,module-1/week-2/self-guided/markdown-intro.md
Project development,TRUE,Week 3,Day 2,3,1,3,TRUE,Week 6,Halfday 4,6,3,1,PROJECT,other/project-dev.md
Stand ups,TRUE,Week 3,Day 3,3,2,0,TRUE,Week 7,Halfday 1,7,0,0,PROJECT,other/stand-ups.md
Code interview test: Sorting a 2D array,TRUE,Week 3,Day 3,3,2,1,TRUE,Week 7,Halfday 1,7,0,1,,module-1/week-3/kata-sorting-2d-array.md
Bonus: Advanced Command Line,TRUE,Week 3,Day 3,3,2,2,TRUE,Week 7,Halfday 1,7,0,2,SELF_GUIDED,module-1/week-1/self-guided/command-line.md
Project development,TRUE,Week 3,Day 3,3,2,3,TRUE,Week 7,Halfday 2,7,1,0,PROJECT,other/project-dev.md
Presentation practice (optional),TRUE,Week 3,Day 3,3,2,4,TRUE,Week 7,Halfday 2,7,1,1,PROJECT,other/presentations.md
Stand ups,TRUE,Week 3,Day 4,3,3,0,TRUE,Week 7,Halfday 3,7,2,0,PROJECT,other/stand-ups.md
Code interview test: TGI Friday!!,TRUE,Week 3,Day 4,3,3,1,TRUE,Week 7,Halfday 3,7,2,1,,module-1/week-3/kata-tgi-friday.md
Project development,TRUE,Week 3,Day 4,3,3,2,TRUE,Week 7,Halfday 4,7,3,0,PROJECT,other/project-dev.md
Presentation practice (mandatory),TRUE,Week 3,Day 4,3,3,3,TRUE,Week 7,Halfday 4,7,3,1,PROJECT,other/presentations.md
Project development,TRUE,Week 3,Day 5,3,4,0,TRUE,Week 8,Halfday 1,8,0,0,PROJECT,other/project-dev.md
Presentations - Project #1,TRUE,Week 3,Day 5,3,4,1,TRUE,Week 8,Halfday 2,8,1,0,,other/final-presentation.md
Project retrospective,TRUE,Week 4,Day 1,4,0,0,TRUE,Week 8,Halfday 3,8,2,0,RITUALS,other/project-retro.md
Project feedback,TRUE,Week 4,Day 1,4,0,1,TRUE,Week 8,Halfday 3,8,2,1,RITUALS,other/project-feedback.md
JS | Destructuring Assignment and Parameter Handling,TRUE,Week 4,Day 1,4,0,2,TRUE,Week 8,Halfday 3,8,2,2,,module-1/week-2/js-es6-advanced.md
ES6 | Promises,TRUE,Week 4,Day 1,4,0,3,TRUE,Week 8,Halfday 4,8,3,0,,module-2/week-4/js-es6-promises.md
LAB | #Promise me a dinner,TRUE,Week 4,Day 1,4,0,4,TRUE,Week 8,Halfday 4,8,3,1,LAB,module-2/labs/lab-es6-promises.md
LAB | ES6 JavaScript Koans,TRUE,Week 4,Day 1,4,0,5,TRUE,Week 8,Halfday 4,8,3,2,SELF_GUIDED,module-2/labs/lab-es6-javascript-koans.md
How the Internet works,TRUE,Week 4,Day 2,4,1,0,TRUE,Week 9,Halfday 1,9,0,0,,module-2/week-4/self-guided/how-does-the-internet-work.md
Node | Intro & Installation,TRUE,Week 4,Day 2,4,1,1,TRUE,Week 9,Halfday 1,9,0,1,,module-2/week-4/node-npm-intro.md
Node | The Internet & HTTP Server,TRUE,Week 4,Day 2,4,1,2,TRUE,Week 9,Halfday 1,9,0,2,,module-2/week-4/node-http.md
LAB | Intro Node,TRUE,Week 4,Day 2,4,1,3,TRUE,Week 9,Halfday 1,9,0,3,LAB,module-2/labs/lab-intro-node.md
Express | Introduction,TRUE,Week 4,Day 2,4,1,4,TRUE,Week 9,Halfday 2,9,1,0,,module-2/week-4/express-intro.md
LAB | Express Basic Site,TRUE,Week 4,Day 2,4,1,5,TRUE,Week 9,Halfday 2,9,1,1,LAB,module-2/labs/lab-express-basic-site.md
Express | Dynamic Views,TRUE,Week 4,Day 3,4,2,0,TRUE,Week 9,Halfday 3,9,2,0,,module-2/week-4/express-dynamic-views.md
Express | Layouts & Partials,TRUE,Week 4,Day 3,4,2,1,TRUE,Week 9,Halfday 3,9,2,1,,module-2/week-4/express-layouts.md
What is an API?,TRUE,Week 4,Day 3,4,2,2,TRUE,Week 9,Halfday 3,9,2,2,,module-2/week-5/api-microservices.md
LAB | IronBeers,TRUE,Week 4,Day 3,4,2,3,TRUE,Week 9,Halfday 3,9,2,3,LAB,module-2/labs/lab-ironbeers.md
MongoDB | Introduction,TRUE,Week 4,Day 3,4,2,4,TRUE,Week 9,Halfday 4,9,3,0,,module-2/week-4/mongo-intro.md
MongoDB | Shell & CRUD operations,TRUE,Week 4,Day 3,4,2,5,TRUE,Week 9,Halfday 4,9,3,1,SELF_GUIDED,module-2/week-4/mongo-shell-crud.md
MongoDB | MongoDB Compass CRUD Operations,TRUE,Week 4,Day 3,4,2,6,TRUE,Week 9,Halfday 4,9,3,2,,module-2/week-4/mongo-compass-crud.md
MongoDB | Data Models,TRUE,Week 4,Day 3,4,2,7,TRUE,Week 9,Halfday 4,9,3,3,,module-2/week-4/mongo-data-models.md
LAB | MongoDB - Advanced Querying,TRUE,Week 4,Day 3,4,2,8,TRUE,Week 9,Halfday 4,9,3,4,LAB,module-2/labs/lab-advance-querying-mongo.md
MongoDB | Indexing & Aggregation Framework,TRUE,Week 4,Day 3,4,2,9,TRUE,Week 9,Halfday 4,9,3,5,SELF_GUIDED,module-2/week-4/self-guided/mongo-advanced.md
Mongoose | Introduction,TRUE,Week 4,Day 4,4,3,0,TRUE,Week 10,Halfday 1,10,0,0,,module-2/week-4/mongoose-intro.md
"Mongoose | Schemas, Models & Documents",TRUE,Week 4,Day 4,4,3,1,TRUE,Week 10,Halfday 1,10,0,1,,module-2/week-4/mongoose-schemas-models-documents.md
LAB | Mongoose Recipes,TRUE,Week 4,Day 4,4,3,2,TRUE,Week 10,Halfday 2,10,1,0,LAB,module-2/labs/lab-mongoose-recipes.md
Reinforcement session,TRUE,Week 4,Day 4,4,3,3,TRUE,Week 10,Halfday 2,10,1,1,,module-1/week-1/recap.md
CodeWars,TRUE,Week 4,Day 5,4,4,0,TRUE,Week 10,Halfday 3,10,2,0,KATA,module-1/week-1/self-guided/codewars.md
Express | GET Method - Route Params & Query String,TRUE,Week 4,Day 5,4,4,1,TRUE,Week 10,Halfday 3,10,2,1,,module-2/week-4/express-get-params.md
Express | POST Method - Request Body,TRUE,Week 4,Day 5,4,4,2,TRUE,Week 10,Halfday 3,10,2,2,,module-2/week-4/express-post-params.md
LAB | Express Spotify,TRUE,Week 4,Day 5,4,4,3,TRUE,Week 10,Halfday 4,10,3,0,LAB,module-2/labs/lab-express-spotify.md
Lab review - reinforcement of Express GET and POST concept,TRUE,Week 4,Day 5,4,4,4,TRUE,Week 10,Halfday 4,10,3,1,,module-2/week-4/get-post-reinforcement.md
Node | Asynchrony,TRUE,Week 4,Day 5,4,4,5,TRUE,Week 10,Halfday 4,10,3,2,SELF_GUIDED,module-2/week-4/self-guided/node-async.md
Express | Express Generator,TRUE,Week 5,Day 1,5,0,0,TRUE,Week 11,Halfday 1,11,0,0,,module-2/week-4/express-generator.md
Mongoose&Express | List - Read Documents,TRUE,Week 5,Day 1,5,0,1,TRUE,Week 11,Halfday 1,11,0,1,,module-2/week-4/mongoose-express-list-read.md
LAB | Express Cinema,TRUE,Week 5,Day 1,5,0,2,TRUE,Week 11,Halfday 1,11,0,2,LAB,module-2/labs/lab-express-cinema.md
Mongoose&Express | Basic CRUD,TRUE,Week 5,Day 1,5,0,3,TRUE,Week 11,Halfday 2,11,1,0,,module-2/week-4/mongoose-express-basic-crud.md
LAB | Express Drones,TRUE,Week 5,Day 1,5,0,4,TRUE,Week 11,Halfday 2,11,1,1,LAB,module-2/labs/lab-express-drones
Mongoose&Express | Documents Relationships,TRUE,Week 5,Day 2,5,1,0,TRUE,Week 11,Halfday 3,11,2,0,,module-2/week-4/mongoose-express-relationships.md
LAB | Mongoose Movies & Celebrities,TRUE,Week 5,Day 2,5,1,1,TRUE,Week 11,Halfday 3,11,2,1,LAB,module-2/labs/lab-mongoose-movies.md
Lab review - reinforcement of CRUD concept,TRUE,Week 5,Day 2,5,1,2,TRUE,Week 11,Halfday 4,11,3,0,,module-2/week-4/crud-reinforcement.md
Node | The concern on users' security,TRUE,Week 5,Day 3,5,2,0,TRUE,Week 12,Halfday 1,12,0,0,,module-2/week-5/node-bcrypt.md
Node | User registration,TRUE,Week 5,Day 3,5,2,1,TRUE,Week 12,Halfday 1,12,0,1,,module-2/week-5/user-registration.md
LAB | Express basic auth - iteration 1,TRUE,Week 5,Day 3,5,2,2,TRUE,Week 12,Halfday 1,12,0,2,LAB,module-2/labs/lab-express-basic-auth.md
Node | Form validation,TRUE,Week 5,Day 3,5,2,3,TRUE,Week 12,Halfday 2,12,1,0,,module-2/week-5/form-validation.md
Node | Basic Authentication & Sessions,TRUE,Week 5,Day 3,5,2,4,TRUE,Week 12,Halfday 2,12,1,1,,module-2/week-5/node-basic-authentication.md
LAB | Express basic auth - iterations 2 and 3,TRUE,Week 5,Day 3,5,2,5,TRUE,Week 12,Halfday 2,12,1,2,LAB,module-2/labs/lab-express-basic-auth.md
"Passport | Sign Up, Login, Logout",TRUE,Week 5,Day 3,5,2,6,TRUE,Week 12,Halfday 2,12,1,3,SELF_GUIDED,module-2/week-5/node-passport-login.md
LAB | Authentication with passport,TRUE,Week 5,Day 3,5,2,7,TRUE,Week 12,Halfday 2,12,1,4,SELF_GUIDED,module-2/labs/lab-authentication-with-passport.md
Passport | Security & Roles,TRUE,Week 5,Day 3,5,2,8,TRUE,Week 12,Halfday 2,12,1,5,SELF_GUIDED,module-2/week-5/node-passport-roles.md
LAB | Passport roles,TRUE,Week 5,Day 3,5,2,9,TRUE,Week 12,Halfday 2,12,1,6,SELF_GUIDED,module-2/labs/lab-passport-roles.md
Passport | Strategies and Social Login,TRUE,Week 5,Day 3,5,2,10,TRUE,Week 12,Halfday 2,12,1,7,SELF_GUIDED,module-2/week-5/node-passport-strategies.md
VCS | Collaboration with GitHub,TRUE,Week 5,Day 3,5,2,11,TRUE,Week 12,Halfday 2,12,1,8,,module-2/week-5/git-github-collaboration.md
Users to Movies&Celebrities - reinforcement of auth concept,TRUE,Week 5,Day 4,5,3,0,TRUE,Week 12,Halfday 3,12,2,0,LAB,module-2/week-5/node-auth-reinforcement.md
AXIOS | GET Request,TRUE,Week 5,Day 4,5,3,1,TRUE,Week 12,Halfday 3,12,2,1,,module-2/week-5/axios-get.md
Bonus: LAB | Financial data graphing,TRUE,Week 5,Day 4,5,3,2,TRUE,Week 12,Halfday 3,12,2,2,LAB,module-2/labs/lab-financial-data-graphing.md
"AXIOS | POST, PUT and DELETE request",TRUE,Week 5,Day 4,5,3,3,TRUE,Week 12,Halfday 4,12,3,0,,module-2/week-5/axios-post-put-delete.md
JSON Server,TRUE,Week 5,Day 4,5,3,4,TRUE,Week 12,Halfday 4,12,3,1,,module-2/week-5/json-server.md
LAB | AXIOS CRUD Characters,TRUE,Week 5,Day 4,5,3,5,TRUE,Week 12,Halfday 4,12,3,2,LAB,module-2/labs/lab-ajax-crud-characters.md
Express | File Upload CDN,TRUE,Week 5,Day 5,5,4,0,TRUE,Week 13,Halfday 1,13,0,0,,module-2/week-5/file-upload-cdn.md
Bonus: Express | File Upload,TRUE,Week 5,Day 5,5,4,1,TRUE,Week 13,Halfday 1,13,0,1,,module-2/week-5/node-file-upload.md
Bonus: LAB | File Upload,TRUE,Week 5,Day 5,5,4,2,TRUE,Week 13,Halfday 1,13,0,2,LAB,module-2/labs/lab-file-upload.md
Bonus: LAB | IronRooms,TRUE,Week 5,Day 5,5,4,3,TRUE,Week 13,Halfday 2,13,1,0,LAB,module-2/labs/lab-express-rooms-with-reviews.md
Deploy to Heroku,TRUE,Week 5,Day 5,5,4,4,TRUE,Week 13,Halfday 2,13,1,1,,module-2/week-5/node-heroku-deploy.md
Project planning session,TRUE,Week 5,Day 5,5,4,5,TRUE,Week 13,Halfday 2,13,1,2,RITUALS,other/project-planning.md
Project #2 Guidelines: Full-stack Web Application,TRUE,Week 5,Day 5,5,4,6,TRUE,Week 13,Halfday 2,13,1,3,PROJECT,module-2/project-2.md
Stand ups,TRUE,Week 6,Day 1,6,0,0,TRUE,Week 13,Halfday 3,13,2,0,,other/stand-ups.md
Code interview test: Persistent Bugger,TRUE,Week 6,Day 1,6,0,1,TRUE,Week 13,Halfday 3,13,2,1,,module-2/week-6/kata-persistent-bugger.md
Software Engineering Principles,TRUE,Week 6,Day 1,6,0,2,TRUE,Week 13,Halfday 4,13,3,0,SELF_GUIDED,module-2/week-5/self-guided/software-engineering-principles.md
Project development,TRUE,Week 6,Day 1,6,0,3,TRUE,Week 13,Halfday 4,13,3,1,,other/project-dev.md
Stand ups,TRUE,Week 6,Day 2,6,1,0,TRUE,Week 14,Halfday 1,14,0,0,,other/stand-ups.md
Code interview test: Playing with digits,TRUE,Week 6,Day 2,6,1,1,TRUE,Week 14,Halfday 1,14,0,1,,module-2/week-6/kata-playing-with-digits.md
Google Maps | Geolocation,TRUE,Week 6,Day 2,6,1,2,TRUE,Week 14,Halfday 1,14,0,2,SELF_GUIDED,module-2/week-5/google-maps-geolocation.md
Google Maps & Express,TRUE,Week 6,Day 2,6,1,3,TRUE,Week 14,Halfday 2,14,1,0,SELF_GUIDED,module-2/week-5/google-maps-express.md
LAB | Coffee and books,TRUE,Week 6,Day 2,6,1,4,TRUE,Week 14,Halfday 2,14,1,1,SELF_GUIDED,module-2/labs/lab-coffee-and-books.md
Project development,TRUE,Week 6,Day 2,6,1,5,TRUE,Week 14,Halfday 2,14,1,2,,other/project-dev.md
Stand ups,TRUE,Week 6,Day 3,6,2,0,TRUE,Week 14,Halfday 3,14,2,0,,other/stand-ups.md
Code interview test: Find the missing letter,TRUE,Week 6,Day 3,6,2,1,TRUE,Week 14,Halfday 3,14,2,1,,module-2/week-6/kata-find-the-missing-letter.md
Nodemailer,TRUE,Week 6,Day 3,6,2,2,TRUE,Week 14,Halfday 3,14,2,2,SELF_GUIDED,module-2/week-5/nodemailer.md
LAB | Nodemailer,TRUE,Week 6,Day 3,6,2,3,TRUE,Week 14,Halfday 4,14,3,0,SELF_GUIDED,module-2/labs/lab-nodemailer.md
Project development,TRUE,Week 6,Day 3,6,2,4,TRUE,Week 14,Halfday 4,14,3,1,,other/project-dev.md
Presentation practice (optional),TRUE,Week 6,Day 3,6,2,5,TRUE,Week 14,Halfday 4,14,3,2,,other/presentations.md
Stand ups,TRUE,Week 6,Day 4,6,3,0,TRUE,Week 15,Halfday 1,15,0,0,,other/stand-ups.md
Code interview test: Street Fighter 2 - Character selection,TRUE,Week 6,Day 4,6,3,1,TRUE,Week 15,Halfday 1,15,0,1,,module-2/week-6/kata-street-fighter-2.md
Project development,TRUE,Week 6,Day 4,6,3,2,TRUE,Week 15,Halfday 2,15,1,0,,other/project-dev.md
Presentation practice (mandatory),TRUE,Week 6,Day 4,6,3,3,TRUE,Week 15,Halfday 2,15,1,1,,other/presentations.md
Project development,TRUE,Week 6,Day 5,6,4,0,TRUE,Week 15,Halfday 3,15,2,0,,other/project-dev.md
Presentations - Project #2,TRUE,Week 6,Day 5,6,4,1,TRUE,Week 15,Halfday 4,15,3,0,,other/final-presentation.md
Project retrospective,TRUE,Week 7,Day 1,7,0,0,TRUE,Week 16,Halfday 1,16,0,0,,module-2/week-4/retrospective.md
Project feedback,TRUE,Week 7,Day 1,7,0,1,TRUE,Week 16,Halfday 1,16,0,1,,module-3/week-7/retrospective.md
React | Intro to React - Create React app from the scratch,TRUE,Week 7,Day 1,7,0,2,TRUE,Week 16,Halfday 2,16,1,0,,module-3/week-7/react-intro-babel-webpack.md
"React | Create React App, JSX and React elements",TRUE,Week 7,Day 1,7,0,3,TRUE,Week 16,Halfday 2,16,1,1,,module-3/week-7/cra-jsx-elements.md
LAB | Hello Ironhack,TRUE,Week 7,Day 1,7,0,4,TRUE,Week 16,Halfday 2,16,1,2,LAB,module-3/labs/lab-hello-ironhack.md
HOF exercises,TRUE,Week 7,Day 1,7,0,5,TRUE,Week 16,Halfday 2,16,1,3,,module-3/week-7/hof-katas.md
React | Components and Props,TRUE,Week 7,Day 2,7,1,0,TRUE,Week 16,Halfday 3,16,2,0,,module-3/week-7/props.md
LAB | Bulma,TRUE,Week 7,Day 2,7,1,1,TRUE,Week 16,Halfday 3,16,2,1,LAB,module-3/labs/lab-bulma-components.md
React | State,TRUE,Week 7,Day 2,7,1,2,TRUE,Week 16,Halfday 3,16,2,2,,module-3/week-7/state.md
LAB | React training [steps 1-7],TRUE,Week 7,Day 2,7,1,3,TRUE,Week 16,Halfday 4,16,3,0,LAB,module-3/labs/lab-react-training.md
React | Composition and Inheritance - general concept,TRUE,Week 7,Day 2,7,1,4,TRUE,Week 16,Halfday 4,16,3,1,SELF_GUIDED,module-3/week-7/composition-inheritance-general.md
React | Using composition in React,TRUE,Week 7,Day 2,7,1,5,TRUE,Week 16,Halfday 4,16,3,2,SELF_GUIDED,module-3/week-7/using-composition-in-react.md
React | Composition vs. Inheritance,TRUE,Week 7,Day 2,7,1,6,TRUE,Week 16,Halfday 4,16,3,3,SELF_GUIDED,module-3/week-7/sg-composition-inheritance.md
React | List & Keys,TRUE,Week 7,Day 3,7,2,0,TRUE,Week 17,Halfday 1,17,0,0,,module-3/week-7/list-keys.md
React | Conditional Rendering,TRUE,Week 7,Day 3,7,2,1,TRUE,Week 17,Halfday 1,17,0,1,,module-3/week-7/conditional-rendering.md
LAB | React IronContacts,TRUE,Week 7,Day 3,7,2,2,TRUE,Week 17,Halfday 1,17,0,2,LAB,module-3/labs/lab-react-ironcontacts.md
React | Forms,TRUE,Week 7,Day 3,7,2,3,TRUE,Week 17,Halfday 2,17,1,0,,module-3/week-7/forms.md
LAB | React IronNutrition,TRUE,Week 7,Day 3,7,2,4,TRUE,Week 17,Halfday 2,17,1,1,LAB,module-3/labs/lab-react-ironnutrition.md
"Lab review - reinforcement of state, props, forms in React",TRUE,Week 7,Day 4,7,3,0,TRUE,Week 17,Halfday 3,17,2,0,,module-3/week-7/state-props-forms-reinforcement.md
React | Lifting State Up,TRUE,Week 7,Day 4,7,3,1,TRUE,Week 17,Halfday 3,17,2,1,,module-3/week-7/lifting-state-up.md
LAB | Thinking in React,TRUE,Week 7,Day 4,7,3,2,TRUE,Week 17,Halfday 3,17,2,2,LAB,module-3/labs/lab-thinking-in-react.md
React | Lifecycle methods,TRUE,Week 7,Day 4,7,3,3,TRUE,Week 17,Halfday 4,17,3,0,,module-3/week-7/lifecycle-methods.md
React | Intro to Routing,TRUE,Week 7,Day 4,7,3,4,TRUE,Week 17,Halfday 4,17,3,1,,module-3/week-7/routing-intro.md
LAB | React Training [steps 8 and up],TRUE,Week 7,Day 4,7,3,5,TRUE,Week 17,Halfday 4,17,3,2,SELF_GUIDED,module-3/labs/lab-react-training.md
React | Lifting State Up - advanced,TRUE,Week 7,Day 4,7,3,6,TRUE,Week 17,Halfday 4,17,3,3,SELF_GUIDED,module-3/week-7/additional-lifting-state-up.md
React | Routing Advanced,TRUE,Week 7,Day 5,7,4,0,TRUE,Week 18,Halfday 1,18,0,0,,module-3/week-7/routing-advanced.md
LAB | Wiki Countries,TRUE,Week 7,Day 5,7,4,1,TRUE,Week 18,Halfday 1,18,0,1,LAB,module-3/labs/lab-wiki-countries.md
React | Connecting React app to the backend,TRUE,Week 7,Day 5,7,4,2,TRUE,Week 18,Halfday 2,18,1,0,,module-3/week-7/connecting-react-to-backend.md
LAB | React IronBeers,TRUE,Week 7,Day 5,7,4,3,TRUE,Week 18,Halfday 2,18,1,1,LAB,module-3/labs/lab-react-ironbeers.md
React | Building the Rest API,TRUE,Week 8,Day 1,8,0,0,TRUE,Week 18,Halfday 3,18,2,0,,module-3/week-7/front-back-integration-I.md
React | Integrating the React App,TRUE,Week 8,Day 1,8,0,1,TRUE,Week 18,Halfday 3,18,2,1,,module-3/week-7/front-back-integration-II.md
React | Authentication,TRUE,Week 8,Day 1,8,0,2,TRUE,Week 18,Halfday 4,18,3,0,,module-3/week-8/authentication.md
React & Express | File Upload,TRUE,Week 8,Day 2,8,1,0,TRUE,Week 19,Halfday 1,19,0,0,,module-3/week-8/file-upload.md
Bonus: LAB | Profile App,TRUE,Week 8,Day 2,8,1,1,TRUE,Week 19,Halfday 1,19,0,1,LAB,module-3/labs/lab-profile-app.md
React | Deployment,TRUE,Week 8,Day 2,8,1,2,TRUE,Week 19,Halfday 2,19,1,0,,module-3/week-8/deployment.md
Project #3 Guidelines: MERN Web Application,TRUE,Week 8,Day 2,8,1,3,TRUE,Week 19,Halfday 2,19,1,1,PROJECT,module-3/project-3.md
Project planning session,TRUE,Week 8,Day 2,8,1,4,TRUE,Week 19,Halfday 2,19,1,2,RITUALS,other/project-planning.md
Stand ups,TRUE,Week 8,Day 3,8,2,0,TRUE,Week 19,Halfday 3,19,2,0,,other/stand-ups.md
Code interview test: Scramblies,TRUE,Week 8,Day 3,8,2,1,TRUE,Week 19,Halfday 3,19,2,1,,module-3/week-8/kata-scramblies.md
Project development,TRUE,Week 8,Day 3,8,2,2,TRUE,Week 19,Halfday 4,19,3,0,,other/project-dev.md
Stand ups,TRUE,Week 8,Day 4,8,3,0,TRUE,Week 20,Halfday 1,20,0,0,,other/stand-ups.md
Code interview test: Balancing parentheses,TRUE,Week 8,Day 4,8,3,1,TRUE,Week 20,Halfday 1,20,0,1,,module-3/week-8/kata-balancing-parentheses.md
Project development,TRUE,Week 8,Day 4,8,3,2,TRUE,Week 20,Halfday 2,20,1,0,,other/project-dev.md
Stand ups,TRUE,Week 8,Day 5,8,4,0,TRUE,Week 20,Halfday 3,20,2,0,,other/stand-ups.md
Code interview test: Pete the baker,TRUE,Week 8,Day 5,8,4,1,TRUE,Week 20,Halfday 3,20,2,0,,module-3/week-8/kata-pete-the-baker.md
Project development,TRUE,Week 8,Day 5,8,4,2,TRUE,Week 20,Halfday 4,20,3,0,,other/project-dev.md
Stand ups,TRUE,Week 9,Day 1,9,0,0,TRUE,Week 21,Halfday 1,21,0,0,,other/stand-ups.md
Code interview test: Directions reduction,TRUE,Week 9,Day 1,9,0,1,TRUE,Week 21,Halfday 2,21,1,0,,module-3/week-8/kata-directions-reduction.md
Project development,TRUE,Week 9,Day 1,9,0,2,TRUE,Week 21,Halfday 2,21,1,1,,other/project-dev.md
Stand ups,TRUE,Week 9,Day 2,9,1,0,TRUE,Week 21,Halfday 3,21,2,0,,other/stand-ups.md
Code interview test: Sum of pairs,TRUE,Week 9,Day 2,9,1,1,TRUE,Week 21,Halfday 3,21,2,1,,module-3/week-9/kata-sum-of-pairs.md
Project development,TRUE,Week 9,Day 2,9,1,2,TRUE,Week 21,Halfday 4,21,3,0,,other/project-dev.md
Presentation practice (optional),TRUE,Week 9,Day 2,9,1,3,TRUE,Week 21,Halfday 4,21,3,1,,other/presentations.md
Stand ups,TRUE,Week 9,Day 3,9,2,0,TRUE,Week 22,Halfday 1,22,0,0,,other/stand-ups.md
Code interview test: Don't eat the last cake,TRUE,Week 9,Day 3,9,2,1,TRUE,Week 22,Halfday 1,22,0,1,,module-3/week-9/kata-dont-eat-last-cake.md
Project development,TRUE,Week 9,Day 3,9,2,2,TRUE,Week 22,Halfday 2,22,1,0,,other/project-dev.md
Presentation practice (mandatory),TRUE,Week 9,Day 3,9,2,3,TRUE,Week 22,Halfday 2,22,1,1,,other/presentations.md
Stand ups,TRUE,Week 9,Day 4,9,3,0,TRUE,Week 22,Halfday 3,22,2,0,,other/stand-ups.md
Project development,TRUE,Week 9,Day 4,9,3,1,TRUE,Week 22,Halfday 4,20,3,0,,other/project-dev.md
Project development,FALSE,,,-1,-1,,TRUE,Week 23,Halfday 1,23,0,0,,
Project development,FALSE,,,-1,-1,,TRUE,Week 23,Halfday 2,23,1,0,,
Project development,FALSE,,,-1,-1,,TRUE,Week 23,Halfday 3,23,2,0,,
Project development,FALSE,,,-1,-1,,TRUE,Week 23,Halfday 4,23,3,0,,
Project development,FALSE,,,-1,-1,,TRUE,Week 24,Halfday 1,24,0,0,,
Project development,FALSE,,,-1,-1,,TRUE,Week 24,Halfday 2,24,1,0,,
Project development,FALSE,,,-1,-1,,TRUE,Week 24,Halfday 3,24,2,0,,other/project-dev.md
Presentations - Project #3,TRUE,Week 9,Day 5,9,4,0,TRUE,Week 24,Halfday 4,24,3,0,,other/final-presentation.md