name,active,seq,vert,seq_index,vert_index,order,tag,file,deliverable_display_name,deliverable_identifier,deliverable_description,deliverable_duedate
Code of Conduct during the bootcamp,FALSE,Tips & tricks for success,Info tabs,0,0,0,EXTRA,info/code-of-conduct.md,,,,
Link to  the GitHub class organization,TRUE,Tips & tricks for success,Info tabs,0,0,1,EXTRA,info/gh-class-rg.m,,,,
Guidelines on how to submit the labs,TRUE,Tips & tricks for success,Info tabs,0,0,2,EXTRA,info/guidelines-labs.md,,,,
No class dates,TRUE,Tips & tricks for success,Info tabs,0,0,3,EXTRA,info/no-class-dates.md,,,,
Contactss,TRUE,Tips & tricks for success,Info tabs,0,0,4,EXTRA,info/contacts.md,,,,
Career Services,FALSE,Tips & tricks for success,Info tabs,0,0,5,EXTRA,info/career.md,,,,
Technical interview prep,TRUE,Tips & tricks for success,Info tabs,0,0,6,EXTRA,other/tech-interviews.md,,,,
Upcoming events,FALSE,Tips & tricks for success,Info tabs,0,0,7,EXTRA,info/events.md,,,,
Time distribution,TRUE,Tips & tricks for success,Module 1,0,1,0,EXTRA,info/pt-time-dist-m1.md,,,,
Module 1 - topics - overview,TRUE,Tips & tricks for success,Module 1,0,1,1,EXTRA,info/topics-m1.md,,,,
Expectations,TRUE,Tips & tricks for success,Module 1,0,1,2,EXTRA,info/expectations.md,,,,
Requirements for win-win,TRUE,Tips & tricks for success,Module 1,0,1,3,EXTRA,info/requirements-m1.md,,,,
Time distribution,TRUE,Tips & tricks for success,Module 2,0,2,0,EXTRA,info/pt-time-dist-m2.md,,,,
Module 2 - topics - overview,TRUE,Tips & tricks for success,Module 2,0,2,1,EXTRA,info/topics-m2.md,,,,
Expectations,TRUE,Tips & tricks for success,Module 2,0,2,2,EXTRA,info/expectations.md,,,,
Requirements for win-win,TRUE,Tips & tricks for success,Module 2,0,2,3,EXTRA,info/requirements-m2.md,,,,
Time distribution,TRUE,Tips & tricks for success,Module 3,0,3,0,EXTRA,info/pt-time-dist-m3.md,,,,
Module 3 - topics - overview,TRUE,Tips & tricks for success,Module 3,0,3,1,EXTRA,info/topics-m3.md,,,,
Expectations,TRUE,Tips & tricks for success,Module 3,0,3,2,EXTRA,info/expectations.md,,,,
Requirements for win-win,TRUE,Tips & tricks for success,Module 3,0,3,3,EXTRA,info/requirements-m3.md,,,,
Welcome to Ironhack,TRUE,Week 1,Halfday 1,2,0,0,EXTRA,md/welcome-pt.md,,,,
JS | JavaScript Intro,TRUE,Week 1,Halfday 1,1,0,1,,module-1/week-1/js-intro.md,,,,
JS | Data Types in JavaScript - number & string,TRUE,Week 1,Halfday 1,1,0,2,,module-1/week-1/js-datatypes-1.md,,,,
Replay,FALSE,Week 1,Halfday 1,1,0,3,EXTRA,md/replay-w1h1.md,,,,
JS | Numbers as Data Types - Advanced Topics,TRUE,Week 1,Halfday 1,1,0,4,SELF_GUIDED,module-1/week-1/numbers-advanced.md,,,,
"JS | Data Types in JavaScript - boolean, undefined & null and Immutability",TRUE,Week 1,Halfday 2,1,1,0,,module-1/week-1/js-datatypes-2.md,,,,
JS | Conditionals and Loops,TRUE,Week 1,Halfday 2,1,1,1,,module-1/week-1/js-conditionals-loops.md,,,,
VCS | Git Intro,TRUE,Week 1,Halfday 2,1,1,2,,module-1/week-1/self-guided/git-intro.md,,,,
Pair Programming Introduction,TRUE,Week 1,Halfday 2,1,1,3,,module-1/week-1/self-guided/pair-programming.md,,,,
Collaborate on a LAB,TRUE,Week 1,Halfday 2,1,1,4,SELF_GUIDED,md/collaborate-on-lab.md,,,,
LAB | JavaScript Basic Algorithms,TRUE,Week 1,Halfday 2,1,1,5,LAB,module-1/labs/lab-javascript-basic-algorithms.md,basic-algorithms,lab-javascript-basic-algorithms,Submit the url to your work here.,
JS | Functions Intro,TRUE,Week 1,Halfday 3,1,2,0,,module-1/week-1/js-functions-intro.md,,,,
JS | Data Types in JavaScript - Arrays,TRUE,Week 1,Halfday 3,1,2,1,,module-1/week-1/js-arrays.md,,,,
LAB | JavaScript Functions and Arrays,TRUE,Week 1,Halfday 3,1,2,3,LAB,module-1/labs/lab-javascript-functions-and-arrays.md,,,,
Replay,FALSE,Week 1,Halfday 3,1,2,4,EXTRA,md/replay-w1h3.md,,,,
HTML | Introduction,TRUE,Week 1,Halfday 4,1,3,0,,module-1/week-1/html-intro.md,,,,
CSS | Intro & Selectors,TRUE,Week 1,Halfday 4,1,3,1,,module-1/week-1/css-intro.md,,,,
LAB | CSS Recipes clone,TRUE,Week 1,Halfday 4,1,3,2,LAB,module-1/labs/lab-css-recipes-clone.md,,,,
Replay,FALSE,Week 1,Halfday 4,1,3,3,EXTRA,md/replay-w1h4.md,,,,
CodeWars - Intro,TRUE,Week 1,Halfday 4,1,3,4,KATA,module-1/week-1/self-guided/codewars.md,,,,
Survey,TRUE,Week 2,Halfday 1,2,0,0,RITUALS,md/survey.md,,,,
LAB Review | JavaScript Basic Algorithms ,FALSE,Week 2,Halfday 1,2,0,1,RITUALS,md/labreview-javascript-basic-algorithms.md,,,,
JS | Data Types in JavaScript - Objects,TRUE,Week 2,Halfday 1,2,0,2,,module-1/week-1/js-objects.md,,,,
JS | Arrays & Objects,TRUE,Week 2,Halfday 1,2,0,3,,module-1/week-1/js-objects-arrays.md,,,,
LAB | JavaScript Clue,TRUE,Week 2,Halfday 1,2,0,4,LAB,module-1/labs/lab-javascript-clue.md,,,,
Replay,FALSE,Week 2,Halfday 1,2,0,5,EXTRA,md/replay-w2h1.md,,,,
Katas,TRUE,Week 2,Halfday 1,2,0,6,KATA,md/kata-01.md,,,,
LAB Review | JavaScript Functions and Arrays,FALSE,Week 2,Halfday 2,2,1,0,RITUALS,md/labreview-javascript-functions-and-arrays.md,,,,
CSS | Advanced Selectors,TRUE,Week 2,Halfday 2,2,1,1,,module-1/week-1/css-advanced-selectors.md,,,,
CSS | Transitions & Animations,TRUE,Week 2,Halfday 2,2,1,2,,module-1/week-1/css-transitions-animations.md,,,,
LAB | CSS Spotify clone,TRUE,Week 2,Halfday 2,2,1,3,LAB,module-1/labs/lab-css-spotify-clone.md,,,,
Replay,FALSE,Week 2,Halfday 2,2,1,4,EXTRA,md/replay-w2h2.md,,,,
CodeWars,FALSE,Week 2,Halfday 3,2,2,0,KATA,module-1/week-1/self-guided/codewars.md,,,,
LAB Review | CSS Recipes clone,FALSE,Week 2,Halfday 3,2,2,1,RITUALS,md/labreview-css-recipes-clone.md,,,,
JS | Functions Advanced,TRUE,Week 2,Halfday 3,2,2,2,,module-1/week-1/js-functions-advanced.md,,,,
"JS | Arrays - Map, Reduce & Filter",TRUE,Week 2,Halfday 3,2,2,3,,module-1/week-1/js-arrays-filter-map-reduce.md,,,,
Replay,FALSE,Week 2,Halfday 3,2,2,4,EXTRA,md/replay-w2h3.md,,,,
JS | Arrays - Sort & Reverse,TRUE,Week 2,Halfday 4,2,3,0,,module-1/week-1/js-arrays-sort-reverse.md,,,,
LAB | Greatest movies of all time,TRUE,Week 2,Halfday 4,2,3,1,LAB,module-1/labs/lab-javascript-greatest-movies.md,,,,
Replay,FALSE,Week 2,Halfday 4,2,3,2,EXTRA,md/replay-w2h4.md,,,,
JS | Value vs Reference and Mutable Data Types,TRUE,Week 2,Halfday 4,2,3,3,SELF_GUIDED,module-1/week-1/value-reference-mutability.md,,,,
Survey,TRUE,Week 3,Halfday 1,3,0,0,RITUALS,md/survey.md,,,,
Keyboard Tips and Tricks,TRUE,Week 3,Halfday 1,3,0,1,EXTRA,md/keyboard.md,,,,
LAB Review | JavaScript Clue,FALSE,Week 3,Halfday 1,3,0,2,RITUALS,md/labreview-javascript-clue.md,,,,
"JS | OOP - objects, methods and the 'this' keyword",TRUE,Week 3,Halfday 1,3,0,3,,module-1/week-1/js-oop-1.md,,,,
JS | OOP - class and inheritance,TRUE,Week 3,Halfday 1,3,0,4,,module-1/week-1/js-oop-2.md,,,,
Replay,FALSE,Week 3,Halfday 1,3,0,5,EXTRA,md/replay-w3h1.md,,,,
JS | OOP - Function constructor vs. Class,TRUE,Week 3,Halfday 1,3,0,5,SELF_GUIDED,module-1/week-1/js-oop-3.md,,,,
Katas,TRUE,Week 3,Halfday 1,3,0,6,KATA,md/kata-02.md,,,,
Career Services introduction,TRUE,Week 3,Halfday 2,3,1,0,EXTRA,md/career-intro.md,,,,
LAB Review | CSS Spotify clone,FALSE,Week 3,Halfday 2,3,1,1,RITUALS,md/labreview-css-spotify-clone.md,,,,
LAB | JavaScript Vikings,TRUE,Week 3,Halfday 2,3,1,2,LAB,module-1/labs/lab-javascript-vikings.md,,,,
Reinforcement session,TRUE,Week 3,Halfday 2,3,1,3,,module-1/week-1/recap.md,,,,
Replay,FALSE,Week 3,Halfday 2,3,1,4,EXTRA,md/replay-w3h2.md,,,,
Semi-module retrospective,TRUE,Week 3,Halfday 2,3,1,5,,other/module-retro.md',,,,
LAB Review | Greatest movies of all time,FALSE,Week 3,Halfday 3,3,2,0,RITUALS,md/labreview-javascript-greatest-movies.md,,,,
Survey,TRUE,Week 3,Halfday 3,3,2,1,RITUALS,md/survey.md,,,,
CSS | Box Model,TRUE,Week 3,Halfday 3,3,2,2,,module-1/week-1/css-box-model.md,,,,
Bonus: CSS | Positioning,TRUE,Week 3,Halfday 3,3,2,3,SELF_GUIDED,module-1/week-1/css-positioning.md,,,,
CSS | Responsive Web Design,TRUE,Week 3,Halfday 3,3,2,4,,module-1/week-1/css-responsive-design.md,,,,
CSS | Positioning and Flexbox,TRUE,Week 3,Halfday 3,3,2,5,,module-0-prework/02-html-css/14-css-positioning-flexbox.md,,,,
CSS | Flexbox,FALSE,Week 3,Halfday 3,3,2,6,,module-1/week-1/css-flexbox.md,,,,
LAB | CSS Instagram clone,TRUE,Week 3,Halfday 3,3,2,7,LAB,module-1/labs/lab-css-instagram-clone.md,,,,
Replay,FALSE,Week 3,Halfday 3,3,2,8,EXTRA,md/replay-w3h3.md,,,,
Bonus: LAB | CSS Flexbox Slack,TRUE,Week 3,Halfday 3,3,2,9,SELF_GUIDED,module-1/labs/lab-css-flexbox-slack.md,,,,
LAB Review | JavaScript Vikings,FALSE,Week 3,Halfday 4,3,3,0,RITUALS,md/labreview-javascript-vikings.md,,,,
JS | Async & Callbacks,TRUE,Week 3,Halfday 4,3,3,1,,module-1/week-2/js-async-callbacks.md,,,,
LAB | JavaScript Chronometer,TRUE,Week 3,Halfday 4,3,3,2,LAB,module-1/labs/lab-javascript-chronometer.md,,,,
Katas,TRUE,Week 3,Halfday 4,3,3,3,KATA,md/kata-03.md,,,,
Replay,FALSE,Week 3,Halfday 4,3,3,4,EXTRA,md/replay-w3h4.md,,,,
Bonus: LAB | JavaScript Koans,TRUE,Week 3,Halfday 4,3,3,5,SELF_GUIDED,module-1/labs/lab-javascript-koans.md,,,,
Bonus: JS | Context & Function invocation,TRUE,Week 3,Halfday 4,3,3,6,SELF_GUIDED,module-1/week-2/js-context-function-invocation.md,,,,
LAB Review | CSS Instagram clone,FALSE,Week 4,Halfday 1,4,0,0,RITUALS,md/labreview-css-instagram-clone.md,,,,
DOM | Introduction & Selectors,TRUE,Week 4,Halfday 1,4,0,1,,module-1/week-1/dom-introduction-selectors.md,,,,
DOM | Manipulation,TRUE,Week 4,Halfday 1,4,0,2,,module-1/week-1/dom-manipulation.md,,,,
LAB | JavaScript Chronometer,TRUE,Week 4,Halfday 1,4,0,3,LAB,module-1/labs/lab-javascript-chronometer.md,,,,
Replay,FALSE,Week 4,Halfday 1,4,0,4,EXTRA,md/replay-w4h1.md,,,,
Bonus: DOM | Simon Game,TRUE,Week 4,Halfday 1,4,0,5,SELF_GUIDED,module-1/week-2/simon-game.md,,,,
"JS | Variable scope, hoisting and shadowing",TRUE,Week 4,Halfday 2,4,1,1,,module-1/week-2/js-scope-hoist-shadow.md,,,,
LAB | DOM Ironhack Cart,TRUE,Week 4,Halfday 2,4,1,2,LAB,module-1/labs/lab-dom-ironhack-cart.md,,,,
JS | Testing & Jasmine,TRUE,Week 4,Halfday 2,4,1,3,SELF_GUIDED,module-1/week-2/js-testing-jasmine.md,,,,
JS | Intro to testing with Jasmine,TRUE,Week 4,Halfday 2,4,1,4,EXTRA,module-1/labs/lab-testing-jasmine.md,,,,
Bonus: LAB | JavaScript Advanced Algorithms,TRUE,Week 4,Halfday 2,4,1,5,SELF_GUIDED,module-1/labs/lab-javascript-advanced-algorithms.md,,,,
Survey,TRUE,Week 4,Halfday 3,4,2,0,RITUALS,md/survey.md,,,,
"JS | Debugging, Error Handling and JS Hint",TRUE,Week 4,Halfday 3,4,2,1,,module-1/week-2/js-debugging.md,,,,
Reinforcement - DOM: LAB | DOM Pizza Builder,TRUE,Week 4,Halfday 3,4,2,2,LAB,module-1/labs/lab-dom-pizza-builder.md,,,,
Replay,FALSE,Week 4,Halfday 3,4,2,3,EXTRA,md/replay-w4h3.md,,,,
CSS | Bootstrap Docs,FALSE,Week 4,Halfday 3,4,2,4,,module-1/week-2/css-bootstrap-intro.md,,,,
Bonus: CSS - Style Normalizing & Grid Systems,TRUE,Week 4,Halfday 3,4,2,5,SELF_GUIDED,module-1/week-2/css-grid-systems.md,,,,
LAB | Bootstrap Cloning Revera,FALSE,Week 4,Halfday 3,4,2,6,LAB,module-1/labs/lab-bootstrap-cloning-revera.md,,,,
LAB Review | Javascript Chronometer,FALSE,Week 4,Halfday 4,4,3,0,RITUALS,md/labreview-javascript-chronometer.md,,,,
LAB Review | DOM Ironhack Cart,FALSE,Week 4,Halfday 4,4,3,1,RITUALS,md/labreview-dom-ironhack-cart.md,,,,
Lab review - reinforcement of DOM manipulation concept,TRUE,Week 4,Halfday 4,4,3,2,,module-1/week-1/dom-reinforcement.md,,,,
Reinforcement - OOP: LAB | JavaScript Memory Game,TRUE,Week 4,Halfday 4,4,3,3,LAB,module-1/labs/lab-javascript-memory-game.md,,,,
Replay,FALSE,Week 4,Halfday 4,4,3,4,EXTRA,md/replay-w4h4.md,,,,
Survey,TRUE,Week 5,Halfday 1,5,0,0,RITUALS,md/survey.md,,,,
Talk alumni,TRUE,Week 5,Halfday 1,5,0,1,EXTRA,md/talk01.md,,,,
LAB Review | DOM Pizza Builder,FALSE,Week 5,Halfday 1,5,0,2,RITUALS,md/labreview-dom-pizza-builder.md,,,,
Bonus: LAB ironmole,TRUE,Week 5,Halfday 1,5,0,3,EXTRA,md/lab-dom-ironmole.md,,,,
Canvas | Intro & Basic Drawing,TRUE,Week 5,Halfday 1,5,0,4,,module-1/week-2/canvas-intro.md,,,,
Replay,FALSE,Week 5,Halfday 1,5,0,5,EXTRA,md/replay-w5h1.md,,,,
LAB Review | Javascript Memory Game,FALSE,Week 5,Halfday 2,5,1,0,RITUALS,md/labreview-javascript-memory-game.md,,,,
"Canvas | Styling, Text and Images",TRUE,Week 5,Halfday 2,5,1,1,,module-1/week-2/canvas-drawing-text-styles.md,,,,
LAB | Canvas Hangman,TRUE,Week 5,Halfday 2,5,1,2,LAB,module-1/labs/lab-canvas-hangman.md,,,,
Replay,FALSE,Week 5,Halfday 2,5,1,3,EXTRA,md/replay-w5h2.md,,,,
Canvas | Basic Animations,TRUE,Week 5,Halfday 3,5,2,0,,module-1/week-2/canvas-basic-animations.md,,,,
Canvas | Codealong - Basic Animations,TRUE,Week 5,Halfday 3,5,2,1,,module-1/week-2/canvas-basic-animations-codealong.md,,,,
LAB | Canvas Race Car,TRUE,Week 5,Halfday 3,5,2,2,LAB,module-1/labs/lab-canvas-race-car.md,,,,
Replay,FALSE,Week 5,Halfday 3,5,2,3,EXTRA,md/replay-w5h3.md,,,,
Lab review - reinforcement of Canvas concept,TRUE,Week 5,Halfday 3,5,2,4,,module-1/week-1/canvas-reinforcement.md,,,,
Project #1 Guidelines: The Game,TRUE,Week 5,Halfday 3,5,2,5,PROJECT,module-1/project-1.md,,,,
Juice your game!,TRUE,Week 5,Halfday 3,5,2,6,EXTRA,module-1/week-2/juice-your-game.md,,,,
Project planning session,TRUE,Week 5,Halfday 3,5,2,7,RITUALS,other/project-planning.md,,,,
Bonus: Project Management,TRUE,Week 5,Halfday 3,5,2,8,,module-1/week-2/self-guided/agile-kanban.md,,,,
VCS | Git and GitHub + GitHub Pages,TRUE,Week 5,Halfday 3,5,2,9,,module-1/week-2/git-github-pages-deploy.md,,,,
Bonus: Canvas | Transformations and Compositing,TRUE,Week 5,Halfday 4,5,3,0,SELF_GUIDED,module-1/week-2/canvas-transformations-compositing.md,,,,
Bonus: Canvas | Advanced Animations,TRUE,Week 5,Halfday 4,5,3,1,SELF_GUIDED,module-1/week-2/canvas-advanced-animations.md,,,,
Bonus: LAB | Canvas Flappy Birds,TRUE,Week 5,Halfday 4,5,3,2,LAB,module-1/labs/lab-canvas-flappybirds.md,,,,
LAB Review | Canvas Hangman,FALSE,Week 6,Halfday 1,6,0,0,RITUALS,md/labreview-canvas-hangman.md,,,,
Stand ups,TRUE,Week 6,Halfday 1,6,0,1,PROJECT,other/stand-ups.md,,,,
Code interview test: Anagrams,TRUE,Week 6,Halfday 1,6,0,2,,module-1/week-3/kata-anagrams.md,,,,
LAB Review | Canvas Race Car,FALSE,Week 6,Halfday 2,6,1,0,RITUALS,md/labreview-canvas-race-car.md,,,,
Bonus: Structure your code,FALSE,Week 6,Halfday 2,6,1,1,SELF_GUIDED,module-1/week-2/self-guided/js-good-patterns.md,,,,
Project development,TRUE,Week 6,Halfday 2,6,1,2,PROJECT,other/project-dev.md,,,,
Stand ups,TRUE,Week 6,Halfday 3,6,2,0,PROJECT,other/stand-ups.md,,,,
Code interview test: Clocky Mc Clock-Face,TRUE,Week 6,Halfday 3,6,2,1,,module-1/week-3/kata-clocky-mc-clock-face.md,,,,
Survey,TRUE,Week 6,Halfday 4,6,3,0,RITUALS,md/survey.md,,,,
Bonus: Markdown and READMEs,TRUE,Week 6,Halfday 4,6,3,0,SELF_GUIDED,module-1/week-2/self-guided/markdown-intro.md,,,,
Project development,TRUE,Week 6,Halfday 4,6,3,1,PROJECT,other/project-dev.md,,,,
Stand ups,TRUE,Week 7,Halfday 1,7,0,1,PROJECT,other/stand-ups.md,,,,
Code interview test: Sorting a 2D array,TRUE,Week 7,Halfday 1,7,0,2,,module-1/week-3/kata-sorting-2d-array.md,,,,
Bonus: Advanced Command Line,TRUE,Week 7,Halfday 1,7,0,3,SELF_GUIDED,module-1/week-1/self-guided/command-line.md,,,,
Project development,TRUE,Week 7,Halfday 2,7,1,0,PROJECT,other/project-dev.md,,,,
Presentation practice (optional),TRUE,Week 7,Halfday 2,7,1,1,PROJECT,other/presentations.md,,,,
Stand ups,TRUE,Week 7,Halfday 3,7,2,0,PROJECT,other/stand-ups.md,,,,
Code interview test: TGI Friday!!,TRUE,Week 7,Halfday 3,7,2,1,,module-1/week-3/kata-tgi-friday.md,,,,
Survey,TRUE,Week 7,Halfday 4,7,3,0,RITUALS,md/survey.md,,,,
Project development,TRUE,Week 7,Halfday 4,7,3,0,PROJECT,other/project-dev.md,,,,
Presentation practice (mandatory),TRUE,Week 7,Halfday 4,7,3,1,PROJECT,other/presentations.md,,,,
Project development,TRUE,Week 8,Halfday 1,8,0,1,PROJECT,other/project-dev.md,,,,
Presentations - Project #1,TRUE,Week 8,Halfday 2,8,1,0,,other/final-presentation.md,,,,
Votes and medalists,TRUE,Week 8,Halfday 2,8,1,,RITUALS,md/votes-and-medalist-project1.md,,,,
Replay,FALSE,Week 8,Halfday 2,8,1,,EXTRA,md/replay-w8h2.md,,,,
Project retrospective,TRUE,Week 8,Halfday 3,8,2,0,RITUALS,other/project-retro.md,,,,
Project feedback,TRUE,Week 8,Halfday 3,8,2,1,RITUALS,other/project-feedback.md,,,,
JS | Destructuring Assignment and Parameter Handling,TRUE,Week 8,Halfday 3,8,2,2,,module-1/week-2/js-es6-advanced.md,,,,
Survey,TRUE,Week 8,Halfday 4,8,3,0,RITUALS,md/survey.md,,,,
1on1s,TRUE,Week 8,Halfday 4,8,3,1,RITUALS,md/1on1s-01.md,,,,
Katas,TRUE,Week 8,Halfday 4,8,3,2,RITUALS,md/kata-04.md,,,,
ES6 | Promises,TRUE,Week 8,Halfday 4,8,3,3,,module-2/week-4/js-es6-promises.md,,,,
LAB | #Promise me a dinner,FALSE,Week 8,Halfday 4,8,3,4,LAB,module-2/labs/lab-es6-promises.md,,,,
Reinforcements,FALSE,Week 8,Halfday 4,8,3,5,EXTRA,md/reinforcements-01.md,,,,
LAB | ES6 JavaScript Koans,TRUE,Week 8,Halfday 4,8,3,6,SELF_GUIDED,module-2/labs/lab-es6-javascript-koans.md,,,,
How the Internet works,TRUE,Week 9,Halfday 1,9,0,1,,module-2/week-4/self-guided/how-does-the-internet-work.md,,,,
Node | The Internet & HTTP Server,TRUE,Week 9,Halfday 1,9,0,2,,module-2/week-4/node-http.md,,,,
Node | Intro & Installation,TRUE,Week 9,Halfday 1,9,0,3,,module-2/week-4/node-npm-intro.md,,,,
LAB | Intro Node,TRUE,Week 9,Halfday 1,9,0,4,LAB,module-2/labs/lab-intro-node.md,,,,
Replay,FALSE,Week 9,Halfday 1,9,0,5,RITUALS,md/replay-w9h1.md,,,,
Express | Introduction,TRUE,Week 9,Halfday 2,9,1,0,,module-2/week-4/express-intro.md,,,,
LAB | Express Basic Site,TRUE,Week 9,Halfday 2,9,1,1,LAB,module-2/labs/lab-express-basic-site.md,,,,
Replay,FALSE,Week 9,Halfday 2,9,1,2,RITUALS,md/replay-w9h2.md,,,,
Express | Dynamic Views,TRUE,Week 9,Halfday 3,9,2,0,,module-2/week-4/express-dynamic-views.md,,,,
Express | Layouts & Partials,TRUE,Week 9,Halfday 3,9,2,1,,module-2/week-4/express-layouts.md,,,,
What is an API?,TRUE,Week 9,Halfday 3,9,2,2,,module-2/week-5/api-microservices.md,,,,
LAB | IronBeers,TRUE,Week 9,Halfday 3,9,2,3,LAB,module-2/labs/lab-ironbeers.md,,,,
Replay,FALSE,Week 9,Halfday 3,9,2,4,RITUALS,md/replay-w9h3.md,,,,
Survey,TRUE,Week 9,Halfday 4,9,3,0,RITUALS,md/survey.md,,,,
LAB Review | Intro Node,FALSE,Week 9,Halfday 4,9,3,1,RITUALS,md/labreview-intro-node.md,,,,
Kata Review,TRUE,Week 9,Halfday 4,9,3,2,RITUALS,md/katareview01.md,,,,
Protip 01,TRUE,Week 9,Halfday 4,9,3,3,RITUALS,md/protip01.md,,,,
MongoDB | Introduction,TRUE,Week 9,Halfday 4,9,3,4,,module-2/week-4/mongo-intro.md,,,,
MongoDB | Shell & CRUD operations,TRUE,Week 9,Halfday 4,9,3,5,SELF_GUIDED,module-2/week-4/mongo-shell-crud.md,,,,
MongoDB | MongoDB Compass CRUD Operations,TRUE,Week 9,Halfday 4,9,3,6,,module-2/week-4/mongo-compass-crud.md,,,,
LAB | MongoDB - Advanced Querying,TRUE,Week 9,Halfday 4,9,3,7,LAB,module-2/labs/lab-advance-querying-mongo.md,,,,
Replay,FALSE,Week 9,Halfday 4,9,3,8,RITUALS,md/replay-w9h4.md,,,,
MongoDB | Indexing & Aggregation Framework,TRUE,Week 9,Halfday 4,9,3,9,SELF_GUIDED,module-2/week-4/self-guided/mongo-advanced.md,,,,
Mongoose | Introduction,TRUE,Week 10,Halfday 1,10,0,0,,module-2/week-4/mongoose-intro.md,,,,
"Mongoose | Schemas, Models & Documents",TRUE,Week 10,Halfday 1,10,0,1,,module-2/week-4/mongoose-schemas-models-documents.md,,,,
LAB | Mongoose Recipes,TRUE,Week 10,Halfday 1,10,0,2,LAB,module-2/labs/lab-mongoose-recipes.md,,,,
Replay,FALSE,Week 10,Halfday 1,10,0,3,RITUALS,md/replay-w10h1.md,,,,
Reinforcement session,TRUE,Week 10,Halfday 2,10,1,0,,module-1/week-1/recap.md,,,,
Replay,FALSE,Week 10,Halfday 2,10,1,1,RITUALS,md/replay-w10h2.md,,,,
Kata Review,TRUE,Week 10,Halfday 3,10,2,0,RITUALS,md/katareview02.md,,,,
CodeWars,FALSE,Week 10,Halfday 3,10,2,1,KATA,module-1/week-1/self-guided/codewars.md,,,,
Express | GET Method - Route Params & Query String,TRUE,Week 10,Halfday 3,10,2,2,,module-2/week-4/express-get-params.md,,,,
LAB | Express Spotify,TRUE,Week 10,Halfday 3,10,2,3,LAB,module-2/labs/lab-express-spotify.md,,,,
Survey,TRUE,Week 10,Halfday 4,10,3,0,RITUALS,md/survey.md,,,,
Protip 02,TRUE,Week 10,Halfday 4,10,3,1,RITUALS,md/protip02.md,,,,
LAB Review | IronBeers,FALSE,Week 10,Halfday 4,10,3,2,RITUALS,md/labreview-ironbeers.md,,,,
LAB Review | Advanced Querying,FALSE,Week 10,Halfday 4,10,3,3,RITUALS,md/labreview-advance-querying-mongo.md,,,,
Express | POST Method - Request Body,TRUE,Week 10,Halfday 4,10,3,4,,module-2/week-4/express-post-params.md,,,,
Lab review - reinforcement of Express GET and POST concept,TRUE,Week 10,Halfday 4,10,3,5,,module-2/week-4/get-post-reinforcement.md,,,,
Node | Asynchrony,FALSE,Week 10,Halfday 4,10,3,6,SELF_GUIDED,module-2/week-4/self-guided/node-async.md,,,,
Kata,TRUE,Week 10,Halfday 4,10,3,7,RITUALS,md/kata-05.md,,,,
Replay,FALSE,Week 10,Halfday 4,10,3,8,RITUALS,md/replay-w10h4.md,,,,
Express | Express Generator,TRUE,Week 11,Halfday 1,11,0,2,,module-2/week-4/express-generator.md,,,,
Mongoose&Express | List - Read Documents,TRUE,Week 11,Halfday 1,11,0,3,,module-2/week-4/mongoose-express-list-read.md,,,,
LAB | Express Cinema,TRUE,Week 11,Halfday 1,11,0,4,LAB,module-2/labs/lab-express-cinema.md,,,,
Replay,FALSE,Week 11,Halfday 1,11,0,5,RITUALS,md/replay-w11h1.md,,,,
LAB Review | Express Spotify,FALSE,Week 11,Halfday 2,11,1,0,RITUALS,md/labreview-express-spotify.md,,,,
Kata Review,TRUE,Week 11,Halfday 2,11,1,1,RITUALS,md/katareview03.md,,,,
Mongoose&Express | Basic CRUD,TRUE,Week 11,Halfday 2,11,1,2,,module-2/week-4/mongoose-express-basic-crud.md,,,,
LAB | Express Drones,FALSE,Week 11,Halfday 2,11,1,3,LAB,module-2/labs/lab-express-drones,,,,
Replay,FALSE,Week 11,Halfday 2,11,1,4,RITUALS,md/replay-w11h2.md,,,,
LAB | Mongoose Movies & Celebrities (Part 1),TRUE,Week 11,Halfday 3,11,2,0,LAB,module-2/labs/lab-mongoose-movies.md,,,,
Replay,FALSE,Week 11,Halfday 3,11,2,1,RITUALS,md/replay-w11h3.md,,,,
Survey,TRUE,Week 11,Halfday 4,11,3,0,RITUALS,md/survey.md,,,,
MongoDB | Data Models,TRUE,Week 11,Halfday 4,11,3,1,,module-2/week-4/mongo-data-models.md,,,,
Mongoose&Express | Documents Relationships,TRUE,Week 11,Halfday 4,11,3,2,,module-2/week-4/mongoose-express-relationships-old.md,,,,
LAB | Mongoose Movies & Celebrities (Part 2 - from iteration 7),TRUE,Week 11,Halfday 4,11,3,3,LAB,module-2/labs/lab-mongoose-movies.md,,,,
Replay,FALSE,Week 11,Halfday 4,11,3,4,RITUALS,md/replay-w11h4.md,,,,
Lab review - reinforcement of CRUD concept,TRUE,Week 11,Halfday 4,11,3,5,,module-2/week-4/crud-reinforcement.md,,,,
LAB | Mongoose Movies & Celebrities (Part 2 - from iteration 7) -- continue,TRUE,Week 12,Halfday 1,12,0,0,LAB,module-2/labs/lab-mongoose-movies.md,,,,
Node | The concern on users' security,TRUE,Week 12,Halfday 1,12,0,1,,module-2/week-5/node-bcrypt.md,,,,
Node | User registration,TRUE,Week 12,Halfday 1,12,0,2,,module-2/week-5/user-registration.md,,,,
Replay,FALSE,Week 12,Halfday 1,12,0,3,RITUALS,md/replay-w12h1.md,,,,
LAB | Express basic auth - iteration 1,TRUE,Week 12,Halfday 2,12,1,0,LAB,module-2/labs/lab-express-basic-auth.md,,,,
Node | Form validation,TRUE,Week 12,Halfday 2,12,1,1,,module-2/week-5/form-validation.md,,,,
Node | Basic Authentication & Sessions,TRUE,Week 12,Halfday 2,12,1,2,,module-2/week-5/node-basic-authentication.md,,,,
Replay,FALSE,Week 12,Halfday 2,12,1,3,RITUALS,md/replay-w12h2.md,,,,
LAB | Express basic auth - iterations 2 and 3,TRUE,Week 12,Halfday 3,12,2,3,LAB,module-2/labs/lab-express-basic-auth.md,,,,
"Passport | Sign Up, Login, Logout",TRUE,Week 12,Halfday 3,12,2,4,SELF_GUIDED,module-2/week-5/node-passport-login.md,,,,
LAB | Authentication with passport,TRUE,Week 12,Halfday 3,12,2,5,SELF_GUIDED,module-2/labs/lab-authentication-with-passport.md,,,,
Passport | Security & Roles,TRUE,Week 12,Halfday 3,12,2,6,SELF_GUIDED,module-2/week-5/node-passport-roles.md,,,,
LAB | Passport roles,TRUE,Week 12,Halfday 3,12,2,7,SELF_GUIDED,module-2/labs/lab-passport-roles.md,,,,
Passport | Strategies and Social Login,TRUE,Week 12,Halfday 3,12,2,8,SELF_GUIDED,module-2/week-5/node-passport-strategies.md,,,,
Users to Movies&Celebrities - reinforcement of auth concept,TRUE,Week 12,Halfday 4,12,3,1,LAB,module-2/week-5/node-auth-reinforcement.md,,,,
AXIOS | GET Request,TRUE,Week 12,Halfday 4,12,3,2,,module-2/week-5/axios-get.md,,,,
Bonus: LAB | Financial data graphing,TRUE,Week 12,Halfday 4,12,3,3,LAB,module-2/labs/lab-financial-data-graphing.md,,,,
Replay,FALSE,Week 12,Halfday 4,12,3,3,RITUALS,md/replay-w12h4.md,,,,
"AXIOS | POST, PUT and DELETE request",TRUE,Week 12,Halfday 4,12,3,4,SELF_GUIDED,module-2/week-5/axios-post-put-delete.md,,,,
JSON Server,TRUE,Week 12,Halfday 4,12,3,5,SELF_GUIDED,module-2/week-5/json-server.md,,,,
LAB | AXIOS CRUD Characters,TRUE,Week 12,Halfday 4,12,3,6,SELF_GUIDED,module-2/labs/lab-ajax-crud-characters.md,,,,
Survey week 12,TRUE,Week 13,Halfday 1,13,0,0,RITUALS,md/survey.md,,,,
Deploy to Heroku,TRUE,Week 13,Halfday 1,13,0,1,,module-2/week-5/node-heroku-deploy.md,,,,
Express | File Upload CDN,TRUE,Week 13,Halfday 1,13,0,2,,module-2/week-5/file-upload-cdn.md,,,,
Bonus: LAB | File Upload,TRUE,Week 13,Halfday 1,13,0,3,LAB,module-2/labs/lab-file-upload.md,,,,
Replay,FALSE,Week 13,Halfday 1,13,0,4,RITUALS,md/replay-w13h1.md,,,,
Bonus: Express | File Upload,TRUE,Week 13,Halfday 1,13,0,5,SELF_GUIDED,module-2/week-5/node-file-upload.md,,,,
Bonus: LAB | IronRooms,TRUE,Week 13,Halfday 1,13,0,6,SELF_GUIDED,module-2/labs/lab-express-rooms-with-reviews.md,,,,
VCS | Collaboration with GitHub,TRUE,Week 13,Halfday 2,13,1,1,,module-2/week-5/git-github-collaboration.md,,,,
Project planning session,TRUE,Week 13,Halfday 2,13,1,2,RITUALS,other/project-planning.md,,,,
Project #2 Guidelines: Full-stack Web Application,TRUE,Week 13,Halfday 2,13,1,3,PROJECT,module-2/project-2.md,,,,
Replay,FALSE,Week 13,Halfday 2,13,1,4,RITUALS,md/replay-w13h2.md,,,,
LAB Review | Financial data graphing,FALSE,Week 13,Halfday 3,13,2,0,RITUALS,md/labreview-financial-data-graphing.md,,,,
Lab review - File Upload,FALSE,Week 13,Halfday 3,13,2,1,RITUALS,md/labreview-file-upload.md,,,,
Replay,FALSE,Week 13,Halfday 3,13,2,2,RITUALS,md/replay-w13h3.md,,,,
Stand ups,TRUE,Week 13,Halfday 3,13,2,3,,other/stand-ups.md,,,,
Code interview test: Persistent Bugger,FALSE,Week 13,Halfday 3,13,2,4,,module-2/week-6/kata-persistent-bugger.md,,,,
Stand ups,TRUE,Week 13,Halfday 4,13,3,0,,other/stand-ups.md,,,,
Software Engineering Principles,TRUE,Week 13,Halfday 4,13,3,1,SELF_GUIDED,module-2/week-5/self-guided/software-engineering-principles.md,,,,
Project development,TRUE,Week 13,Halfday 4,13,3,2,,other/project-dev.md,,,,
Survey week 13,TRUE,Week 14,Halfday 1,14,0,0,RITUALS,md/survey.md,,,,
Code interview test: Playing with digits,TRUE,Week 14,Halfday 1,14,0,2,,module-2/week-6/kata-playing-with-digits.md,,,,
Google Maps | Geolocation,TRUE,Week 14,Halfday 1,14,0,3,SELF_GUIDED,module-2/week-5/google-maps-geolocation.md,,,,
Google Maps & Express,TRUE,Week 14,Halfday 2,14,1,0,SELF_GUIDED,module-2/week-5/google-maps-express.md,,,,
LAB | Coffee and books,TRUE,Week 14,Halfday 2,14,1,1,SELF_GUIDED,module-2/labs/lab-coffee-and-books.md,,,,
Project development,TRUE,Week 14,Halfday 2,14,1,2,,other/project-dev.md,,,,
Stand ups,TRUE,Week 14,Halfday 3,14,2,0,,other/stand-ups.md,,,,
Code interview test: Find the missing letter,TRUE,Week 14,Halfday 3,14,2,1,,module-2/week-6/kata-find-the-missing-letter.md,,,,
Nodemailer,TRUE,Week 14,Halfday 3,14,2,2,SELF_GUIDED,module-2/week-5/nodemailer.md,,,,
LAB | Nodemailer,TRUE,Week 14,Halfday 4,14,3,0,SELF_GUIDED,module-2/labs/lab-nodemailer.md,,,,
Project development,TRUE,Week 14,Halfday 4,14,3,1,,other/project-dev.md,,,,
Presentation practice (optional),TRUE,Week 14,Halfday 4,14,3,2,,other/presentations.md,,,,
Survey week 14,TRUE,Week 15,Halfday 1,15,0,0,RITUALS,md/survey.md,,,,
Stand ups,TRUE,Week 15,Halfday 1,15,0,1,,other/stand-ups.md,,,,
Code interview test: Street Fighter 2 - Character selection,TRUE,Week 15,Halfday 1,15,0,2,,module-2/week-6/kata-street-fighter-2.md,,,,
Project development,TRUE,Week 15,Halfday 2,15,1,0,,other/project-dev.md,,,,
Presentation practice (mandatory),TRUE,Week 15,Halfday 2,15,1,1,,other/presentations.md,,,,
Project development,TRUE,Week 15,Halfday 3,15,2,0,,other/project-dev.md,,,,
Project development,TRUE,Week 15,Halfday 4,15,3,0,,other/project-dev.md,,,,
Survey week 15,TRUE,Week 16,Halfday 1,16,0,0,RITUALS,md/survey.md,,,,
Project development,TRUE,Week 16,Halfday 1,16,0,1,,other/project-dev.md,,,,
Presentations - Project #2,TRUE,Week 16,Halfday 2,16,1,0,RITUALS,other/final-presentation.md,,,,
Replay,FALSE,Week 16,Halfday 2,16,1,1,RITUALS,md/replay-w16h2.md,,,,
Project retrospective,TRUE,Week 16,Halfday 3,16,2,0,,module-2/week-4/retrospective.md,,,,
Project feedback,FALSE,Week 16,Halfday 3,16,2,1,,module-3/week-7/retrospective.md,,,,
React | Intro to React - Create React app from the scratch,TRUE,Week 16,Halfday 3,16,2,2,,module-3/week-7/react-intro-babel-webpack.md,,,,
Replay,FALSE,Week 16,Halfday 3,16,2,3,RITUALS,md/replay-w16h3.md,,,,
LAB | Hello Ironhack,TRUE,Week 16,Halfday 3,16,2,4,LAB,module-3/labs/lab-hello-ironhack.md,,,,
HOF exercises,TRUE,Week 16,Halfday 4,16,3,0,SELF_GUIDED,module-3/week-7/hof-katas.md,,,,
"React | Create React App, JSX and React elements",TRUE,Week 16,Halfday 4,16,3,1,,module-3/week-7/cra-jsx-elements.md,,,,
React | Components and Props,TRUE,Week 16,Halfday 4,16,3,2,,module-3/week-7/comps-props-intro.md,,,,
LAB | Bulma,TRUE,Week 16,Halfday 4,16,3,3,LAB,module-3/labs/lab-bulma-components.md,,,,
Survey week 16,TRUE,Week 17,Halfday 1,17,0,0,RITUALS,md/survey.md,,,,
LAB | React training [steps 1-7],TRUE,Week 17,Halfday 1,17,0,0,LAB,module-3/labs/lab-react-training.md,,,,
React | Using composition in React,TRUE,Week 17,Halfday 1,17,0,2,SELF_GUIDED,module-3/week-7/using-composition-in-react.md,,,,
React | Composition vs. Inheritance,TRUE,Week 17,Halfday 1,17,0,3,SELF_GUIDED,module-3/week-7/sg-composition-inheritance.md,,,,
React | Composition and Inheritance - general concept,TRUE,Week 17,Halfday 1,17,0,4,SELF_GUIDED,module-3/week-7/composition-inheritance-general.md,,,,
React | State,TRUE,Week 17,Halfday 2,17,1,0,,module-3/week-7/state.md,,,,
React | List & Keys,TRUE,Week 17,Halfday 3,17,2,1,,module-3/week-7/list-keys.md,,,,
Replay,FALSE,Week 17,Halfday 3,17,2,2,RITUALS,md/replay-w17h3.md,,,,
LAB | React IronContacts,TRUE,Week 17,Halfday 3,17,2,3,LAB,module-3/labs/lab-react-ironcontacts.md,,,,
React | Conditional Rendering,TRUE,Week 17,Halfday 4,17,3,0,,module-3/week-7/conditional-rendering.md,,,,
React | Forms,TRUE,Week 17,Halfday 4,17,3,1,,module-3/week-7/forms.md,,,,
Replay,FALSE,Week 17,Halfday 4,17,3,2,RITUALS,md/replay-w17h4.md,,,,
Survey week 17,TRUE,Week 18,Halfday 1,18,0,0,RITUALS,md/survey.md,,,,
LAB | React IronNutrition,TRUE,Week 18,Halfday 1,18,0,1,LAB,module-3/labs/lab-react-ironnutrition.md,,,,
Bonus | React SVG Icons,TRUE,Week 18,Halfday 1,18,0,2,EXTRA,md/react-svg-icons.md,,,,
Replay,FALSE,Week 18,Halfday 1,18,0,2,RITUALS,md/replay-w18h1.md,,,,
Ironlecture,TRUE,Week 18,Halfday 2,18,1,0,EXTRA,md/ironlecture-gift.md,,,,
Lab review - React IronContacts,FALSE,Week 18,Halfday 2,18,1,1,RITUALS,md/labreview-react-ironcontacts.md,,,,
Reinforcement | Meteo,TRUE,Week 18,Halfday 2,18,1,2,EXTRA,md/react-meteo.md,,,,
Replay,FALSE,Week 18,Halfday 2,18,1,3,RITUALS,md/replay-w18h2.md,,,,
React | Intro to Routing,TRUE,Week 18,Halfday 3,18,2,0,,module-3/week-7/routing-intro.md,,,,
React | Routing Advanced,TRUE,Week 18,Halfday 3,18,2,1,,module-3/week-7/routing-advanced.md,,,,
LAB | Wiki Countries,TRUE,Week 18,Halfday 3,18,2,2,LAB,module-3/labs/lab-wiki-countries.md,,,,
Replay,FALSE,Week 18,Halfday 3,18,2,3,RITUALS,md/replay-w18h3.md,,,,
"Lab review - reinforcement of state, props, forms in React",FALSE,Week 18,Halfday 4,18,3,0,,module-3/week-7/state-props-forms-reinforcement.md,,,,
React | Lifting State Up,TRUE,Week 18,Halfday 4,18,3,1,,module-3/week-7/lifting-state-up.md,,,,
Replay,FALSE,Week 18,Halfday 4,18,3,2,RITUALS,md/replay-w18h4.md,,,,
LAB | Thinking in React,TRUE,Week 18,Halfday 4,18,3,3,LAB,module-3/labs/lab-thinking-in-react.md,,,,
React | Lifting State Up - advanced,TRUE,Week 18,Halfday 4,18,3,4,SELF_GUIDED,module-3/week-7/additional-lifting-state-up.md,,,,
Survey week 18,TRUE,Week 19,Halfday 1,19,0,0,RITUALS,md/survey.md,,,,
Lab review - React IronNutrition,FALSE,Week 19,Halfday 1,19,0,1,RITUALS,md/labreview-react-ironnutrition.md,,,,
MasterPlan,TRUE,Week 19,Halfday 1,19,0,2,,md/react-masterplan.md,,,,
Review - MasterPlan,TRUE,Week 19,Halfday 2,19,1,0,RITUALS,md/react-masterplan-review.md,,,,
React | Building the Rest API,TRUE,Week 19,Halfday 2,19,1,1,,module-3/week-7/front-back-integration-I.md,,,,
React | Connecting React app to the backend,TRUE,Week 19,Halfday 2,19,1,2,,module-3/week-7/connecting-react-to-backend.md,,,,
React | Integrating the React App,TRUE,Week 19,Halfday 2,19,1,3,,module-3/week-7/front-back-integration-II.md,,,,
Replay,FALSE,Week 19,Halfday 2,19,1,4,RITUALS,md/replay-w19h2.md,,,,
LAB | React IronBeers,TRUE,Week 19,Halfday 3,19,2,0,LAB,module-3/labs/lab-react-ironbeers.md,,,,
React | Lifecycle methods,TRUE,Week 19,Halfday 3,19,2,1,,module-3/week-7/lifecycle-methods.md,,,,
LAB | React Training [steps 8 and up],TRUE,Week 19,Halfday 3,19,2,2,SELF_GUIDED,module-3/labs/lab-react-training.md,,,,
Kata | Bingo,TRUE,Week 19,Halfday 3,19,2,3,KATA,md/kata-06.md,,,,
React | Authentication,TRUE,Week 19,Halfday 4,19,3,0,,module-3/week-8/authentication.md,,,,
Replay,FALSE,Week 19,Halfday 4,19,3,1,RITUALS,md/replay-w19h4.md,,,,
React & Express | File Upload,TRUE,Week 19,Halfday 4,19,3,2,SELF_GUIDED,module-3/week-8/file-upload.md,,,,
LAB | Profile App,TRUE,Week 19,Halfday 4,19,3,3,LAB,module-3/labs/lab-profile-app.md,,,,
LAB | Profile App Avatar,FALSE,Week 19,Halfday 4,19,3,4,SELF_GUIDED,,,,,
Project #3 Guidelines: MERN Web Application,TRUE,Week 19,Halfday 4,19,3,5,PROJECT,module-3/project-3.md,,,,
Project planning session,TRUE,Week 19,Halfday 4,19,3,6,RITUALS,other/project-planning.md,,,,
Survey week 19,TRUE,Week 20,Halfday 1,20,0,0,RITUALS,md/survey.md,,,,
Lab review - Thinking in React,FALSE,Week 20,Halfday 1,20,0,1,RITUALS,md/labreview-thinking-in-react.md,,,,
Stand ups,TRUE,Week 20,Halfday 1,20,0,2,,other/stand-ups.md,,,,
Code interview test: Scramblies,FALSE,Week 20,Halfday 1,20,0,3,,module-3/week-8/kata-scramblies.md,,,,
Project development,TRUE,Week 20,Halfday 1,20,0,4,,other/project-dev.md,,,,
Stand ups,FALSE,Week 20,Halfday 1,20,0,5,,other/stand-ups.md,,,,
Code interview test: Balancing parentheses,FALSE,Week 20,Halfday 1,20,0,6,,module-3/week-8/kata-balancing-parentheses.md,,,,
Project development,TRUE,Week 20,Halfday 2,20,1,0,,other/project-dev.md,,,,
Stand ups,TRUE,Week 20,Halfday 3,20,2,1,,other/stand-ups.md,,,,
Code interview test: Pete the baker,TRUE,Week 20,Halfday 3,20,2,2,,module-3/week-8/kata-pete-the-baker.md,,,,
Project development,TRUE,Week 20,Halfday 4,20,3,0,,other/project-dev.md,,,,
Project development,TRUE,Week 20,Halfday 4,20,3,1,,other/project-dev.md,,,,
Survey week 20,TRUE,Week 21,Halfday 1,21,0,0,RITUALS,md/survey.md,,,,
React | Deployment,TRUE,Week 21,Halfday 1,21,0,1,,module-3/week-8/deployment.md,,,,
Stand ups,TRUE,Week 21,Halfday 1,21,0,2,,other/stand-ups.md,,,,
Code interview test: Directions reduction,TRUE,Week 21,Halfday 2,21,1,0,,module-3/week-8/kata-directions-reduction.md,,,,
Project development,TRUE,Week 21,Halfday 2,21,1,1,,other/project-dev.md,,,,
Stand ups,TRUE,Week 21,Halfday 3,21,2,0,,other/stand-ups.md,,,,
Code interview test: Sum of pairs,TRUE,Week 21,Halfday 3,21,2,1,,module-3/week-9/kata-sum-of-pairs.md,,,,
Project development,TRUE,Week 21,Halfday 4,21,3,0,,other/project-dev.md,,,,
Presentation practice (optional),TRUE,Week 21,Halfday 4,21,3,1,,other/presentations.md,,,,
Survey week 21,TRUE,Week 22,Halfday 1,22,0,0,RITUALS,md/survey.md,,,,
Stand ups,TRUE,Week 22,Halfday 1,22,0,1,,other/stand-ups.md,,,,
Code interview test: Don't eat the last cake,TRUE,Week 22,Halfday 1,22,0,2,,module-3/week-9/kata-dont-eat-last-cake.md,,,,
Project development,TRUE,Week 22,Halfday 2,22,1,0,,other/project-dev.md,,,,
Presentation practice (mandatory),TRUE,Week 22,Halfday 2,22,1,1,,other/presentations.md,,,,
Stand ups,TRUE,Week 22,Halfday 3,22,2,0,,other/stand-ups.md,,,,
Stand ups,TRUE,Week 22,Halfday 4,22,3,0,,other/stand-ups.md,,,,
Survey week 22,TRUE,Week 23,Halfday 1,23,0,0,RITUALS,md/survey.md,,,,
Project development,TRUE,Week 23,Halfday 1,23,0,1,,,,,,
Project development,TRUE,Week 23,Halfday 2,23,1,0,,,,,,
Project development,TRUE,Week 23,Halfday 3,23,2,0,,,,,,
Project development,TRUE,Week 23,Halfday 4,23,3,0,,,,,,
Survey week 23,TRUE,Week 24,Halfday 1,24,0,0,RITUALS,md/survey.md,,,,
Project development,TRUE,Week 24,Halfday 1,24,0,1,,,,,,
Project development,TRUE,Week 24,Halfday 2,24,1,0,,,,,,
Project development,TRUE,Week 24,Halfday 3,24,2,0,,other/project-dev.md,,,,
Presentations - Project #3,TRUE,Week 24,Halfday 4,24,3,0,,other/final-presentation.md,,,,